,arrivalA,arrivalB,arrivalC,leaveC,QtimeA,QtimeB,QtimeC,serviceTA,serviceTB,serviceTC,Qlen_A,QlenB0,QlenB1,QlenB2,QlenC0,QlenC1,QlenC2,choice,precheck
0,0.0,8.029243136,14.6436424199,62.1794420406,0.0,0.0,35.7313447329,8.029243136,6.61439928393,11.8044548878,0.0,0.0,0.0,0.0,0.0,0.0,0.0,0.0,0.0
1,1.8568977499,2.76467655476,10.029615602,12.908503397,0.0,0.0,0.0,0.90777880486,7.26493904725,2.87888779501,0.0,0.0,0.0,0.0,0.0,0.0,0.0,0.0,1.0
2,2.39111837207,5.01521464068,5.01521464068,50.3749871528,0.0,0.0,0.0,2.62409626861,0.0,45.3597725121,0.0,0.0,0.0,0.0,0.0,0.0,0.0,0.0,0.0
3,12.8583306926,18.590920884,22.0941362255,34.0001528194,0.0,0.0,0.0,5.73259019143,3.5032153415,11.9060165939,0.0,0.0,0.0,0.0,0.0,0.0,0.0,0.0,1.0
4,23.3128462022,35.3271343479,51.4109831027,69.6352533266,0.0,0.0,0.0,12.0142881457,16.0838487548,18.2242702239,0.0,0.0,0.0,0.0,0.0,0.0,0.0,0.0,1.0
5,23.9837685271,30.6318024054,50.8049713187,64.9113006907,0.0,0.0,11.3744707218,6.6480338783,20.1731689134,2.73185865013,0.0,0.0,0.0,0.0,0.0,0.0,0.0,0.0,0.0
6,25.8692689406,35.8754391014,59.1398758048,82.5414298719,0.0,15.5355440013,10.4953775219,10.0061701608,7.72889270208,12.9061765453,0.0,0.0,0.0,0.0,0.0,0.0,0.0,0.0,1.0
7,33.0132813878,42.7333621953,61.4325242248,95.3693238604,2.31385296008,16.4065136095,21.1089056471,7.40622784738,2.29264842,12.8278939885,0.0,0.0,0.0,0.0,1.0,0.0,0.0,0.0,1.0
8,43.1369085869,49.767582051,73.6681162796,73.7735215441,0.0,0.0,0.0,6.63067346407,23.9005342285,0.105405264525,0.0,0.0,0.0,0.0,0.0,0.0,0.0,1.0,0.0
9,43.1775075328,45.7638555133,63.9803414272,108.676944455,0.0,15.6686687115,31.3889824333,2.58634798047,2.54781720237,13.3076205949,0.0,2.0,0.0,0.0,2.0,0.0,0.0,0.0,1.0
10,54.5707475971,55.5982726993,85.188098668,93.6770102957,0.0,0.0,0.0,1.02752510212,29.5898259688,8.48891162763,0.0,0.0,0.0,0.0,0.0,0.0,0.0,0.0,0.0
11,54.7752145939,61.5624684494,74.8069281047,83.5511309155,0.0,0.0,0.0,6.78725385554,13.2444596553,8.74420281083,0.0,0.0,0.0,0.0,0.0,0.0,0.0,2.0,0.0
12,70.4230160128,75.196393534,77.1132749308,88.9823331877,0.0,0.0,0.0,4.77337752124,1.91688139675,11.8690582569,0.0,0.0,0.0,0.0,0.0,0.0,0.0,1.0,0.0
13,73.9400774568,79.6629766703,95.5800329685,113.870399855,0.0,0.0,13.0969114869,5.7228992135,15.9170562982,5.19345539962,0.0,0.0,0.0,0.0,0.0,0.0,0.0,0.0,1.0
14,78.3372574614,95.1048351609,113.910292272,115.70652284,0.0,0.0,0.0,16.7675776995,18.8054571111,1.79623056825,0.0,0.0,0.0,0.0,0.0,0.0,0.0,2.0,0.0
15,78.646045241,102.035045964,118.077585107,123.306316595,0.0,7.38956531993,0.0,23.3890007226,8.65297382313,5.22873148802,0.0,0.0,0.0,0.0,0.0,0.0,0.0,0.0,1.0
16,78.7417604425,87.5710636129,109.424611284,114.07353532,0.921216227797,8.00896935558,4.44578857147,7.9080869426,13.844578315,0.203135465176,0.0,0.0,0.0,0.0,0.0,0.0,0.0,0.0,1.0
17,85.9158542993,91.8655822765,119.807436326,140.191357338,0.0,0.0,0.0,5.94972797712,27.9418540499,20.3839210112,0.0,0.0,0.0,0.0,0.0,0.0,0.0,0.0,0.0
18,91.4890727242,93.0046080105,114.887852506,122.504790667,0.0,0.0,0.0,1.51553528637,21.8832444951,7.6169381616,0.0,0.0,0.0,0.0,0.0,0.0,0.0,1.0,0.0
19,101.644609773,108.028978424,124.288643631,126.981692987,0.0,10.0486066831,0.0,6.3843686508,6.21105852389,2.69304935682,0.0,0.0,0.0,0.0,0.0,0.0,0.0,0.0,1.0
20,101.815012908,124.096400951,148.944450085,152.265898214,0.0,0.0,0.0,22.2813880435,24.8480491333,3.32144812932,0.0,0.0,0.0,0.0,0.0,0.0,0.0,1.0,0.0
21,108.361136134,110.920362425,146.771073405,147.359012538,0.0,8.88707390153,0.0,2.55922629042,26.9636370787,0.587939133011,0.0,0.0,0.0,0.0,0.0,0.0,0.0,0.0,0.0
22,130.928724672,139.478667387,163.857532222,189.904199733,0.0,0.0,0.0,8.54994271535,24.3788648342,26.0466675119,0.0,0.0,0.0,0.0,0.0,0.0,0.0,2.0,0.0
23,139.432474559,142.72392028,171.960417717,176.702330117,0.0,4.0471531248,0.0,3.29144572134,25.1893443122,4.74191239921,0.0,0.0,0.0,0.0,0.0,0.0,0.0,0.0,0.0
24,156.02092072,156.332126388,165.922693369,167.759763894,0.0,0.0,0.0,0.311205668539,9.59056698041,1.83707052566,0.0,0.0,0.0,0.0,0.0,0.0,0.0,0.0,1.0
25,174.158468922,179.769549796,180.148716322,188.176468863,0.0,0.0,0.0,5.61108087388,0.379166526007,8.02775254134,0.0,0.0,0.0,0.0,0.0,0.0,0.0,0.0,0.0
26,175.943467989,181.538663718,181.538663718,221.390984475,0.0,0.0,6.63780514529,5.59519572917,0.0,33.214515612,0.0,0.0,0.0,0.0,0.0,0.0,0.0,0.0,0.0
27,176.297618495,181.906717544,183.449262934,187.023511772,0.0,0.0,0.0,5.6090990495,1.54254538979,3.57424883776,0.0,0.0,0.0,0.0,0.0,0.0,0.0,0.0,1.0
28,176.442878882,191.206349373,238.089870958,241.381390566,0.0,0.0,0.0,14.7634704908,46.8835215847,3.29151960828,0.0,0.0,0.0,0.0,0.0,0.0,0.0,0.0,0.0
29,180.375145796,188.416670043,191.062189969,234.084685531,0.0,0.0,30.3287945066,8.04152424771,2.6455199254,12.6937010561,0.0,0.0,0.0,0.0,0.0,0.0,0.0,0.0,0.0
30,203.58875648,208.19007711,254.485340046,259.916956758,0.0,0.0,0.0,4.60132063033,46.2952629361,5.43161671203,0.0,0.0,0.0,0.0,0.0,0.0,1.0,1.0,0.0
31,206.05992407,219.541684832,244.135414029,276.356452952,0.0,0.0,30.9004872107,13.4817607619,24.5937291968,1.32055171277,0.0,0.0,0.0,0.0,0.0,0.0,0.0,2.0,0.0
32,207.068050242,213.610195206,219.360241072,236.020803789,0.0,0.0,0.0,6.54214496424,5.75004586561,16.6605627172,0.0,0.0,0.0,0.0,0.0,0.0,0.0,0.0,1.0
33,209.516132649,230.771010081,272.152036205,288.930487053,0.0,23.7143299653,0.0,21.254877432,17.6666961589,16.7784508478,0.0,0.0,0.0,0.0,0.0,0.0,1.0,1.0,0.0
34,215.485452117,215.510403995,215.510403995,275.03590124,0.0,0.0,0.0,0.0249518775717,0.0,59.5254972451,0.0,0.0,0.0,0.0,1.0,0.0,0.0,2.0,0.0
35,217.175817662,222.303832014,282.960455049,288.930893078,0.0,15.7860389432,0.0,5.12801435224,44.8705840918,5.97043802852,0.0,0.0,0.0,0.0,0.0,0.0,0.0,0.0,0.0
36,233.506065579,245.466022264,252.201580545,253.692413647,0.0,0.0,0.0,11.9599566857,6.73555828113,1.49083310149,0.0,0.0,0.0,0.0,0.0,0.0,0.0,0.0,1.0
37,256.001811624,269.151366633,292.105255034,302.184564386,0.0,0.0,0.0,13.1495550088,22.9538884003,10.0793093528,0.0,0.0,0.0,0.0,0.0,0.0,0.0,2.0,0.0
38,258.814362551,270.84423394,298.849213312,300.061959106,0.0,12.1162211092,0.0,12.0298713895,15.888758263,1.21274579359,0.0,0.0,0.0,0.0,0.0,0.0,0.0,0.0,0.0
39,265.544120084,272.20814951,281.364372881,281.8270611,0.0,0.0,0.0,6.66402942557,9.15622337168,0.46268821859,0.0,0.0,0.0,0.0,0.0,0.0,0.0,0.0,1.0
40,280.560471342,285.244854847,294.623892665,297.768662097,0.0,0.0,0.0,4.68438350489,9.37903781856,3.14476943212,0.0,0.0,0.0,0.0,0.0,0.0,0.0,0.0,1.0
41,281.109195316,333.589715577,369.091756377,369.960506569,0.0,0.0,0.0,52.4805202611,35.5020407997,0.868750192683,0.0,1.0,0.0,0.0,0.0,0.0,1.0,1.0,0.0
42,281.458489558,293.210072593,304.447896695,317.1980835,0.0,1.41382007242,0.0,11.7515830345,9.82400402934,12.750186805,0.0,0.0,0.0,0.0,0.0,0.0,0.0,0.0,1.0
43,282.199220748,339.845403523,339.845403523,392.574708617,0.0,0.0,23.7442111527,57.6461827749,0.0,28.9850939406,0.0,1.0,0.0,0.0,0.0,0.0,0.0,0.0,0.0
44,296.530626473,314.340554345,333.787943552,363.589614676,0.0,0.0,0.0,17.8099278721,19.447389207,29.801671124,0.0,0.0,0.0,0.0,0.0,0.0,0.0,0.0,0.0
45,298.102414511,302.695599076,313.659908956,326.519881031,0.0,1.75229761856,3.53817454398,4.59318456473,9.21201226106,9.3217975316,0.0,0.0,0.0,0.0,0.0,0.0,0.0,0.0,1.0
46,299.912831176,309.843072222,319.548675223,331.743775412,0.0,3.81683673359,6.97120580854,9.93024104641,5.88876626704,5.2238943805,0.0,0.0,0.0,0.0,0.0,0.0,0.0,0.0,1.0
47,312.597096206,314.629827633,328.863931349,339.894293884,0.0,4.91884758974,2.87984406288,2.03273142668,9.31525612616,8.15051847238,0.0,1.0,0.0,0.0,0.0,0.0,0.0,0.0,1.0
48,329.420967982,358.404581225,358.404581225,383.88843459,0.0,0.0,0.0,28.9836132433,0.0,25.4838533647,0.0,0.0,0.0,0.0,1.0,0.0,0.0,2.0,0.0
49,339.410578076,344.702409793,392.231876,394.122238945,0.0,0.0,0.342832616738,5.29183171685,47.5294662067,1.54753032829,0.0,0.0,0.0,0.0,0.0,0.0,0.0,0.0,0.0
50,341.118791303,349.006596236,352.998367763,362.968642109,0.0,0.0,0.0,7.88780493356,3.99177152647,9.97027434653,0.0,0.0,0.0,0.0,0.0,0.0,0.0,0.0,1.0
51,342.841887506,360.453622231,366.342365174,378.402583389,0.0,0.0,0.0,17.611734725,5.88874294351,12.0602182143,0.0,0.0,0.0,0.0,0.0,0.0,0.0,0.0,1.0
52,345.224424764,362.413144896,367.797665031,404.636530677,0.0,0.0,16.0907695584,17.1887201318,5.38452013516,20.7480960872,0.0,0.0,0.0,0.0,0.0,0.0,0.0,2.0,0.0
53,358.22619292,369.003483449,373.24301486,382.684454839,0.0,0.0,5.15956852824,10.7772905297,4.23953141102,4.28187145039,0.0,0.0,0.0,0.0,0.0,0.0,0.0,0.0,1.0
54,365.556578309,366.420592007,406.059126596,407.51855508,0.0,25.8112839926,0.0,0.864013698451,13.8272505961,1.45942848409,0.0,0.0,0.0,0.0,0.0,0.0,0.0,0.0,0.0
55,368.548325285,382.8812195,411.347153339,425.506944403,0.0,0.0,0.0,14.3328942155,28.4659338391,14.1597910632,0.0,1.0,0.0,0.0,0.0,0.0,0.0,1.0,0.0
56,401.655937109,403.220630113,407.374394826,410.833759015,0.0,0.0,0.0,1.56469300446,4.15376471304,3.4593641891,0.0,0.0,0.0,0.0,0.0,0.0,0.0,0.0,1.0
57,410.759658617,415.858714108,424.564156422,428.994275049,0.0,0.0,0.0,5.09905549069,8.70544231473,4.43011862603,0.0,0.0,0.0,0.0,0.0,0.0,0.0,0.0,1.0
58,414.778094359,416.015551549,441.840246485,442.552631608,0.0,0.0,0.0,1.23745719011,25.8246949353,0.712385123225,0.0,0.0,0.0,0.0,0.0,0.0,0.0,0.0,0.0
59,415.776163437,424.443868017,431.695320952,434.327277969,0.0,0.0,0.0,8.66770458027,7.25145293528,2.63195701645,0.0,0.0,0.0,0.0,0.0,0.0,0.0,1.0,0.0
60,422.964356654,457.74212119,506.882697713,512.697174606,0.0,0.0,0.0,34.7777645364,49.1405765224,5.8144768936,0.0,0.0,0.0,0.0,0.0,0.0,0.0,1.0,0.0
61,430.843700498,449.805794904,461.114656199,476.295023996,0.0,0.0,0.0,18.9620944053,11.308861295,15.180367797,0.0,0.0,0.0,0.0,0.0,0.0,0.0,0.0,0.0
62,437.263364839,443.960070303,447.029452618,450.273848666,0.0,0.0,0.0,6.6967054642,3.06938231481,3.24439604755,0.0,0.0,0.0,0.0,0.0,0.0,0.0,0.0,1.0
63,439.151194964,461.495142236,485.006360717,491.900126226,0.0,0.0,0.0,22.3439472726,23.5112184808,6.89376550897,0.0,0.0,0.0,0.0,0.0,0.0,0.0,0.0,0.0
64,443.299565186,447.044897094,450.088541412,452.262416848,0.0,0.0,0.185307253502,3.74533190855,3.04364431807,1.98856818212,0.0,0.0,0.0,0.0,0.0,0.0,0.0,0.0,1.0
65,445.80840887,456.057415999,463.142973276,468.290964082,0.0,0.0,0.0,10.2490071291,7.08555727726,5.14799080592,0.0,0.0,0.0,0.0,0.0,0.0,0.0,0.0,1.0
66,450.978308828,460.643035432,471.421880145,472.089037537,0.0,2.49993784388,0.0,9.66472660374,8.27890686846,0.667157392046,0.0,0.0,0.0,0.0,0.0,0.0,0.0,0.0,1.0
67,456.147865988,462.515459406,495.838469583,499.179718717,0.0,18.9068388098,1.99282188187,6.36759341821,14.4161713672,1.34842725175,0.0,0.0,0.0,0.0,0.0,0.0,0.0,0.0,1.0
68,459.377976692,461.283829231,481.422298216,497.831291465,1.26505874043,10.1380509133,0.0,0.640793799039,10.0004180715,16.4089932491,0.0,1.0,0.0,0.0,0.0,0.0,0.0,0.0,1.0
69,470.687646999,487.257277971,495.838469583,519.516714643,0.0,8.5811916125,3.34124913363,16.5696309718,0.0,20.3369959257,0.0,2.0,0.0,0.0,1.0,0.0,0.0,0.0,1.0
70,477.934401788,493.360232491,534.457700547,549.575506945,0.0,0.0,0.0,15.4258307025,41.0974680563,15.1178063979,0.0,0.0,0.0,0.0,0.0,0.0,0.0,0.0,0.0
71,482.295358345,504.488253138,547.145549915,558.53197531,0.0,2.4900123348,0.0,22.1928947926,40.1672844426,11.386425395,0.0,0.0,0.0,0.0,1.0,0.0,0.0,2.0,0.0
72,484.624001303,487.923290608,506.978265472,522.343496714,0.0,0.0,0.0,3.29928930551,19.054974864,15.365231242,0.0,0.0,0.0,0.0,0.0,0.0,0.0,2.0,0.0
73,485.235478714,504.695371788,513.613740003,525.705022644,0.0,0.0,5.90297463995,19.4598930745,8.91836821444,6.18830800157,0.0,0.0,0.0,0.0,0.0,0.0,0.0,0.0,1.0
74,486.328042818,497.115949511,536.418344532,550.549828865,0.0,37.341751036,13.1571624132,10.7879066931,1.96064398467,0.974321919554,0.0,0.0,0.0,0.0,0.0,0.0,0.0,0.0,0.0
75,487.788123231,487.812774995,490.882649315,507.115104047,0.0,0.0,1.01747691125,0.0246517647857,3.06987431926,15.2149778214,0.0,0.0,0.0,0.0,0.0,0.0,0.0,0.0,0.0
76,496.560475102,499.806584538,537.566778315,546.97062815,0.0,7.07611317433,0.0,3.24610943603,30.6840806022,9.40384983496,0.0,0.0,0.0,0.0,1.0,0.0,0.0,1.0,0.0
77,504.097595728,514.679367155,521.462279961,546.737262051,0.0,0.0,4.242742683,10.5817714271,6.78291280583,21.0322394068,0.0,0.0,0.0,0.0,0.0,0.0,0.0,0.0,1.0
78,508.600328376,522.295355185,528.577760626,550.276854376,0.0,0.0,18.1595014251,13.6950268089,6.28240544095,3.53959232478,0.0,0.0,0.0,0.0,0.0,0.0,0.0,0.0,1.0
79,517.067357674,530.19183888,544.055371911,547.431240385,0.0,7.37493943474,2.91525623859,13.1244812057,6.48859359637,0.460612235457,0.0,1.0,0.0,0.0,1.0,0.0,0.0,1.0,0.0
80,525.790395189,543.885448703,543.885448703,564.175352761,0.0,0.0,6.3914056731,18.0950535137,0.0,13.898498385,0.0,0.0,0.0,0.0,1.0,0.0,0.0,0.0,1.0
81,539.218080726,544.142606308,551.959946428,568.71930584,0.0,0.0,12.2154063332,4.92452558183,7.81734011926,4.54395307937,0.0,0.0,0.0,0.0,0.0,0.0,0.0,0.0,1.0
82,543.843838669,584.997012731,607.963928187,614.484880843,0.0,0.0,0.0,41.1531740617,22.9669154555,6.52095265671,0.0,0.0,0.0,0.0,0.0,0.0,0.0,2.0,0.0
83,544.325907227,549.715437606,551.959946428,593.17161348,0.0,2.24450882165,16.7593594126,5.3895303791,0.0,24.4523076394,0.0,0.0,0.0,0.0,1.0,0.0,0.0,0.0,1.0
84,544.721899863,550.585642972,568.970110277,573.693477288,0.0,0.0,0.0,5.86374310951,18.3844673052,4.72336701097,0.0,0.0,0.0,0.0,0.0,0.0,0.0,0.0,0.0
85,545.351122225,554.289153385,565.663399687,599.687259465,0.0,0.0,27.5082137923,8.93803116009,11.374246302,6.51564598498,0.0,0.0,0.0,0.0,1.0,0.0,0.0,0.0,1.0
86,549.369809576,590.560679165,624.252366018,626.029208288,0.0,3.91753423439,0.0,41.1908695892,29.7741526183,1.77684227033,0.0,0.0,0.0,0.0,0.0,0.0,0.0,0.0,0.0
87,554.191681035,595.898026732,640.59235136,651.063525893,0.0,28.3543392861,0.0,41.7063456969,16.3399853424,10.4711745331,0.0,0.0,0.0,0.0,0.0,0.0,0.0,0.0,0.0
88,554.672297516,557.248382771,577.136075729,602.954923074,0.0,8.41501691647,22.5511837356,2.57608525515,11.4726760417,3.26766360908,0.0,0.0,0.0,0.0,1.0,0.0,0.0,0.0,1.0
89,564.105919582,571.779266775,594.478213399,608.711162767,0.0,0.0,0.0,7.67334719362,22.698946624,14.2329493678,0.0,0.0,0.0,0.0,0.0,0.0,0.0,0.0,0.0
90,571.341396579,578.745514767,583.574765063,610.625993291,0.0,0.0,19.3801580106,7.4041181881,4.82925029559,7.6710702177,0.0,0.0,0.0,0.0,2.0,0.0,0.0,0.0,1.0
91,574.099681902,576.74341085,618.774129591,619.459360802,0.0,0.0,0.0,2.64372894845,42.0307187408,0.685231210778,0.0,0.0,0.0,0.0,0.0,0.0,0.0,1.0,0.0
92,575.081028942,606.521038482,655.00917645,659.29579254,0.0,34.0713128784,0.0,31.4400095395,14.41682509,4.28661608958,0.0,0.0,0.0,0.0,0.0,0.0,0.0,0.0,0.0
93,579.178776359,580.33658483,593.561886956,614.813277271,0.0,3.23818023308,17.0641063354,1.15780847147,9.98712189291,4.18728397998,0.0,0.0,0.0,0.0,2.0,0.0,0.0,0.0,1.0
94,581.63318723,603.435275768,620.576720195,639.088276463,0.0,4.52865241843,0.0,21.8020885382,12.6127920081,18.5115562679,0.0,0.0,0.0,0.0,0.0,0.0,0.0,2.0,0.0
95,599.015425858,602.138497509,626.480358353,643.402083936,0.0,16.635632082,0.0,3.12307165144,7.70622876208,16.9217255825,0.0,1.0,0.0,0.0,0.0,0.0,0.0,1.0,0.0
96,603.586895022,604.986449242,609.846053719,618.644680751,0.0,0.0,4.96722355266,1.39955421957,4.85960447718,3.83140347925,0.0,0.0,0.0,0.0,1.0,0.0,0.0,0.0,1.0
97,609.413713486,618.051004374,640.560140779,649.278351,0.0,2.52571582076,0.0,8.63729088793,19.9834205848,8.71821022095,0.0,2.0,1.0,0.0,0.0,0.0,0.0,2.0,0.0
98,622.963599868,623.988768879,642.122001904,655.047288535,0.0,2.49158947439,1.2800820321,1.0251690107,15.6416435504,11.6452045992,0.0,2.0,0.0,0.0,0.0,0.0,0.0,1.0,0.0
99,623.847208509,626.796132235,636.481088703,653.400812481,0.0,0.0,0.0,2.94892372532,9.68495646795,16.9197237781,0.0,0.0,0.0,0.0,0.0,0.0,0.0,0.0,1.0
100,639.324180993,672.627869284,694.590269969,702.968320545,0.0,0.0,0.0,33.3036882912,21.9624006848,8.37805057632,0.0,1.0,0.0,0.0,0.0,0.0,0.0,0.0,0.0
101,639.329209774,641.599074804,648.904386029,650.182706715,0.0,0.0,0.373964971874,2.26986502958,7.30531122461,0.904355714378,0.0,1.0,0.0,0.0,0.0,0.0,0.0,2.0,0.0
102,639.578525529,642.525802793,666.213200685,668.473870744,0.0,0.0,0.0,2.94727726352,23.6873978924,2.260670059,0.0,1.0,0.0,0.0,0.0,0.0,0.0,1.0,0.0
103,643.358425378,661.100436332,664.02989468,666.558426574,0.0,0.780152076566,0.0,17.7420109542,2.14930627159,2.52853189314,0.0,0.0,0.0,0.0,0.0,0.0,0.0,0.0,1.0
104,643.481716274,682.953235663,697.53750457,699.527647554,0.0,0.0,0.0,39.4715193888,14.5842689071,1.99014298318,0.0,0.0,0.0,0.0,0.0,0.0,0.0,2.0,0.0
105,645.704918483,654.03801815,661.880588409,662.561153506,0.0,0.0,0.0,8.33309966717,7.8425702585,0.680565097174,0.0,0.0,0.0,0.0,0.0,0.0,0.0,0.0,1.0
106,646.691070717,652.555657041,666.789865101,676.562373198,0.0,0.0,0.0,5.86458632342,14.2342080599,9.77250809758,0.0,0.0,0.0,0.0,0.0,0.0,0.0,2.0,0.0
107,659.020351952,698.325194832,724.595458406,733.826039199,0.0,0.0,0.0,39.3048428796,26.2702635737,9.23058079298,0.0,0.0,0.0,0.0,0.0,0.0,0.0,0.0,0.0
108,668.798689099,680.222545446,711.142815807,743.740352951,0.0,0.0,0.0,11.4238563469,30.9202703613,32.5975371439,0.0,0.0,0.0,0.0,0.0,0.0,0.0,1.0,0.0
109,674.872526961,683.602949958,698.459021026,716.156936811,0.0,0.0,11.6618173289,8.73042299644,14.8560710682,6.03609845573,0.0,0.0,0.0,0.0,0.0,0.0,0.0,0.0,1.0
110,678.931787016,683.209262932,683.209262932,710.120838355,0.0,0.0,0.0,4.27747591594,0.0,26.9115754231,0.0,0.0,0.0,0.0,0.0,0.0,0.0,0.0,1.0
111,689.333318412,700.218730181,709.11065969,730.977206234,0.0,0.0,0.0,10.8854117683,8.89192950935,21.8665465443,0.0,0.0,0.0,0.0,0.0,0.0,0.0,2.0,0.0
112,705.541954106,707.396923139,713.829448512,717.746586597,0.0,0.0,2.32748829869,1.85496903312,6.43252537294,1.58964978659,0.0,0.0,0.0,0.0,0.0,0.0,0.0,0.0,1.0
113,714.347248595,716.65684791,724.337783005,731.30894509,0.0,0.0,0.0,2.30959931453,7.68093509466,6.9711620853,0.0,0.0,0.0,0.0,0.0,0.0,0.0,0.0,1.0
114,715.762410289,732.93629174,754.816552826,760.315133601,0.0,0.0,0.0,17.1738814507,21.8802610862,5.4985807752,0.0,0.0,0.0,0.0,0.0,0.0,0.0,0.0,0.0
115,726.706347232,736.233256152,737.857106484,743.329208826,0.0,0.0,0.0,9.5269089204,1.62385033196,5.47210234201,0.0,0.0,0.0,0.0,0.0,0.0,0.0,0.0,1.0
116,729.666038666,754.253508027,759.318878783,774.249183983,0.0,0.0,0.0,24.5874693613,5.06537075535,14.9303051999,0.0,0.0,0.0,0.0,1.0,0.0,0.0,1.0,0.0
117,739.922918781,755.524009801,764.125652125,777.37168224,0.0,0.0,0.0,15.6010910208,8.60164232381,13.2460301145,0.0,0.0,0.0,0.0,0.0,0.0,0.0,0.0,1.0
118,748.145109218,757.316234064,757.316234064,776.355687929,0.0,0.0,2.99889953732,9.17112484635,0.0,16.040554328,0.0,0.0,0.0,0.0,0.0,0.0,0.0,0.0,0.0
119,762.872333432,766.898156746,814.585175384,814.754503007,0.0,0.0,0.0,4.02582331391,47.6870186382,0.169327623161,0.0,0.0,0.0,0.0,0.0,0.0,0.0,0.0,0.0
120,763.662943582,770.622866901,797.752041636,801.201690228,0.0,0.0,0.0,6.9599233185,27.1291747357,3.44964859155,0.0,0.0,0.0,0.0,0.0,0.0,0.0,1.0,0.0
121,783.613587815,789.209279764,789.209279764,801.757109379,0.0,0.0,0.0,5.59569194916,0.0,12.547829615,0.0,0.0,0.0,0.0,0.0,0.0,0.0,0.0,1.0
122,787.089710606,789.959738869,809.389711081,812.603894046,0.0,0.0,0.0,2.87002826264,19.429972212,3.2141829651,0.0,0.0,0.0,0.0,0.0,0.0,0.0,2.0,0.0
123,789.503585454,795.101035426,795.101035426,809.479459438,0.0,0.0,6.65607395303,5.59744997211,0.0,7.72235005923,0.0,0.0,0.0,0.0,0.0,0.0,0.0,0.0,1.0
124,790.866277209,802.930510392,802.930510392,825.029305613,0.0,0.0,6.54894904607,12.0642331831,0.0,15.549846175,0.0,0.0,0.0,0.0,0.0,0.0,0.0,0.0,1.0
125,796.365325363,803.999457079,803.999457079,868.21316625,0.0,0.0,21.0298485343,7.63413171669,0.0,43.1838606363,0.0,0.0,0.0,0.0,1.0,0.0,0.0,0.0,1.0
126,796.5025635,804.756267754,817.134090424,872.918395491,6.42794689288,0.0,51.0790758258,1.82575736127,12.3778226703,4.70522924175,0.0,0.0,0.0,0.0,1.0,0.0,0.0,0.0,1.0
127,797.111504072,800.638549136,801.26451588,813.541440797,0.0,0.0,0.0,3.52704506417,0.625966743694,12.2769249171,0.0,0.0,0.0,0.0,0.0,0.0,0.0,1.0,0.0
128,813.294013526,838.03565356,856.636940575,898.862366951,0.0,10.0642175891,28.6303701462,24.741640034,8.53706942584,13.5950562303,0.0,0.0,0.0,0.0,3.0,0.0,0.0,0.0,1.0
129,824.963304183,830.602871151,877.345924895,878.603694577,0.0,0.0,0.0,5.6395669676,46.7430537436,1.25776968232,0.0,0.0,0.0,0.0,0.0,1.0,0.0,0.0,0.0
130,827.875213053,836.73734923,843.050004011,875.848793611,0.0,0.0,29.8683914806,8.8621361766,6.31265478087,2.93039811963,0.0,0.0,0.0,0.0,1.0,0.0,0.0,0.0,1.0
131,830.914012277,832.443510819,845.512524838,850.078350216,0.0,0.0,0.0,1.5294985418,13.0690140191,4.56582537799,0.0,0.0,0.0,0.0,0.0,0.0,0.0,1.0,0.0
132,831.460682211,836.991167332,848.099871149,885.267310721,5.27666701937,6.05883667916,27.7489224622,0.253818101705,5.04986713798,9.41851710985,0.0,0.0,0.0,0.0,2.0,0.0,0.0,0.0,1.0
133,849.193471131,857.923217858,857.923217858,901.613083764,0.0,0.0,0.0,8.72974672678,0.0,43.6898659061,0.0,0.0,0.0,0.0,0.0,0.0,0.0,1.0,0.0
134,849.777668495,862.538779242,862.538779242,937.592372439,0.0,0.0,39.0743045218,12.7611107468,0.0,35.9792886757,0.0,0.0,0.0,0.0,0.0,0.0,0.0,1.0,0.0
135,852.133249544,875.676484121,896.576840104,947.526744281,0.0,0.0,41.0155323351,23.5432345772,20.9003559832,9.93437184115,0.0,0.0,0.0,0.0,0.0,1.0,0.0,1.0,0.0
136,860.308312522,861.4912795,865.39956303,900.911804398,0.0,0.0,33.4628039216,1.18296697785,3.9082835296,2.04943744622,0.0,0.0,0.0,0.0,4.0,0.0,0.0,0.0,1.0
137,861.05429391,869.249605965,883.261153205,901.8623366,0.0,0.0,17.6506511928,8.19531205482,14.0115472395,0.950532202623,0.0,0.0,0.0,0.0,2.0,0.0,0.0,0.0,1.0
138,872.609510492,892.967474803,897.306654772,913.751717769,0.0,0.0,10.1500969894,20.3579643109,4.33917996915,6.29496600722,0.0,0.0,0.0,0.0,3.0,0.0,0.0,0.0,1.0
139,873.367037306,874.025647991,888.757421929,907.456751761,0.0,9.23550521358,13.1049146708,0.65861068545,5.49626872464,5.59441516124,0.0,0.0,0.0,0.0,2.0,0.0,0.0,0.0,1.0
140,874.580374902,878.658532174,895.348412978,902.821629271,0.0,0.0,0.0,4.07815727227,16.6898808037,7.4732162936,0.0,0.0,0.0,0.0,0.0,1.0,0.0,0.0,0.0
141,881.017865296,884.130261182,898.138727769,904.544165679,0.0,0.0,0.0,3.11239588662,14.008466587,6.40543790945,0.0,0.0,0.0,0.0,0.0,2.0,0.0,2.0,0.0
142,881.030198847,895.249271471,914.711030587,919.599497296,0.0,0.0991415068191,0.0,14.2190726237,19.3626176091,4.88846670895,0.0,0.0,0.0,0.0,0.0,2.0,0.0,0.0,0.0
143,893.642431153,895.564808919,906.744019984,914.844748104,0.0,1.74184585315,7.00769778477,1.92237776622,9.43736521186,1.0930303351,0.0,0.0,0.0,0.0,1.0,0.0,0.0,0.0,1.0
144,903.476061979,917.794757661,941.263330878,941.824985539,0.0,4.8661158337,0.0,14.3186956824,18.6024573832,0.561654660615,0.0,0.0,0.0,0.0,0.0,0.0,0.0,0.0,1.0
145,905.846225249,906.597570544,913.278136433,933.010699906,0.0,0.146449439747,1.56661167101,0.751345295147,6.53411644885,18.165951802,0.0,0.0,0.0,0.0,1.0,0.0,0.0,0.0,1.0
146,905.995011415,910.195867869,913.796656601,951.074496167,0.0,0.0,33.730087679,4.20085645463,3.60078873221,3.54775188614,0.0,0.0,0.0,0.0,0.0,1.0,0.0,1.0,0.0
147,906.568548466,908.705726413,922.660873495,938.524428903,0.0290220778966,4.57241001974,10.3498264107,2.10815586886,9.38273706227,5.51372899725,0.0,1.0,0.0,0.0,0.0,0.0,0.0,0.0,1.0
148,908.34189478,920.960440633,952.945207691,960.761175496,0.363831633042,20.3028902449,0.0,12.2547142203,11.6818768131,7.81596780435,0.0,1.0,0.0,0.0,0.0,0.0,0.0,0.0,1.0
149,908.379523767,916.881414776,930.703961543,955.241607418,0.0,0.0,20.3705346234,8.50189100886,13.8225467677,4.16711125126,0.0,0.0,0.0,0.0,0.0,2.0,0.0,1.0,0.0
150,909.507292981,914.988033483,951.927495581,953.692953083,0.0,0.0,0.0,5.48074050225,36.9394620976,1.76545750265,0.0,0.0,0.0,0.0,0.0,0.0,0.0,0.0,0.0
151,912.093036594,959.807039405,1002.13990435,1008.54455316,0.0,0.0,0.0,47.7140028114,42.3328649402,6.40464881254,0.0,0.0,0.0,0.0,0.0,0.0,0.0,1.0,0.0
152,919.431021024,922.906351615,938.412857432,956.996912872,0.0,0.0,0.0,3.47533059125,15.5065058161,18.5840554407,0.0,0.0,0.0,0.0,0.0,2.0,0.0,2.0,0.0
153,920.170177637,923.126314215,954.585551635,963.657354763,0.0,29.8188934765,6.1756238606,2.95613657757,1.64034394375,2.89617926742,0.0,1.0,0.0,0.0,0.0,0.0,0.0,0.0,1.0
154,924.205379717,955.136996803,1008.35051727,1009.93982477,0.0,0.0,0.0,30.9316170856,53.2135204709,1.58930749413,0.0,0.0,0.0,0.0,0.0,0.0,0.0,0.0,0.0
155,928.022508339,941.620211305,964.777986206,966.431083461,0.0,12.9653403305,0.0,13.5977029653,10.1924345709,1.65309725461,0.0,2.0,0.0,0.0,0.0,0.0,0.0,0.0,1.0
156,930.66516692,959.763144238,959.763144238,972.285422934,0.0,0.0,4.14192141918,29.097977318,0.0,8.38035727669,0.0,0.0,0.0,0.0,0.0,0.0,0.0,1.0,0.0
157,945.150076782,945.969011374,959.618081298,963.905065657,0.0,0.0,0.0,0.8189345928,13.6490699234,4.2869843593,0.0,0.0,0.0,0.0,0.0,0.0,0.0,1.0,0.0
158,953.216710584,967.999693572,983.547513094,986.18235925,0.0,0.0,0.0,14.7829829883,15.5478195221,2.63484615546,0.0,1.0,0.0,0.0,0.0,0.0,0.0,0.0,1.0
159,955.161480972,976.683283756,988.563909581,990.936790043,0.0,6.86422933874,0.0,21.521802784,5.01639648653,2.37288046223,0.0,0.0,0.0,0.0,0.0,0.0,0.0,0.0,1.0
160,958.684406624,965.328036032,998.599290211,1001.81820765,0.0,0.0,0.0,6.64362940801,33.2712541791,3.21891744035,0.0,0.0,0.0,0.0,0.0,0.0,0.0,2.0,0.0
161,965.327285634,978.618321745,992.208431228,994.994261495,2.67240793805,9.94558783637,0.0,10.6186281722,3.64452164737,2.78583026635,0.0,0.0,0.0,0.0,0.0,0.0,0.0,0.0,1.0
162,984.822528728,997.01697109,1010.51086368,1027.59992452,0.0,11.3335461839,0.0,12.1944423617,2.16034640317,17.0890608424,0.0,0.0,0.0,0.0,0.0,0.0,0.0,0.0,0.0
163,998.323805707,999.433851536,1009.29268676,1020.36541682,0.0,0.0,0.0,1.11004582941,9.85883522614,11.0727300549,0.0,1.0,0.0,0.0,0.0,0.0,0.0,2.0,0.0
164,1005.17480056,1015.85904841,1028.64117285,1042.80990903,0.0,0.0,0.0,10.6842478477,12.7821244427,14.1687361783,0.0,1.0,0.0,0.0,0.0,0.0,0.0,0.0,0.0
165,1005.6561415,1033.29528217,1040.97038908,1052.35212723,0.0,0.0,0.0,27.6391406646,7.67510691713,11.3817381497,0.0,0.0,0.0,0.0,0.0,0.0,0.0,0.0,1.0
166,1015.17564525,1028.90313987,1031.64644583,1035.57570089,0.0,0.0,0.0,13.7274946254,2.74330595864,3.92925505873,0.0,0.0,0.0,0.0,0.0,0.0,0.0,0.0,1.0
167,1019.05448003,1039.89087927,1049.93912369,1057.45135214,0.0,0.0,0.0,20.8363992458,10.0482444204,7.5122284428,0.0,0.0,0.0,0.0,0.0,0.0,0.0,2.0,0.0
168,1028.31125413,1035.39320274,1056.17864944,1080.47774111,0.0,0.0,15.1806785624,7.08194860496,20.785446698,9.11841311067,0.0,0.0,0.0,0.0,0.0,0.0,0.0,0.0,0.0
169,1032.5074283,1034.67691067,1034.67691067,1071.359328,0.0,0.0,8.13299835743,2.16948237232,0.0,28.5494189725,0.0,0.0,0.0,0.0,0.0,0.0,0.0,0.0,0.0
170,1033.81876807,1039.51802948,1064.01290191,1068.02725966,0.0,0.0,0.0,5.69926141132,24.4948724368,4.01435774882,0.0,0.0,0.0,0.0,1.0,0.0,0.0,1.0,0.0
171,1037.39216534,1040.19630764,1073.23152631,1089.4463091,0.0,15.9823418012,7.24621480124,2.80414229424,17.0528768719,8.96856799238,0.0,0.0,0.0,0.0,0.0,0.0,0.0,0.0,0.0
172,1042.27741912,1044.91238489,1049.8710888,1062.28033194,0.0,0.0,2.48103842963,2.63496576467,4.9587039189,9.9282047094,0.0,0.0,0.0,0.0,0.0,0.0,0.0,0.0,1.0
173,1052.08034253,1063.59264636,1075.31047118,1076.81767435,0.0,0.0,0.0,11.5123038328,11.7178248198,1.50720316578,0.0,0.0,0.0,0.0,0.0,0.0,0.0,0.0,1.0
174,1057.06407574,1068.95704709,1093.53372061,1094.53882925,0.0,15.1339389927,0.0,11.8929713475,9.4427345344,1.00510863775,0.0,0.0,0.0,0.0,0.0,0.0,0.0,0.0,1.0
175,1058.79533766,1063.96059189,1084.09098608,1090.59127679,4.79730870444,11.3498792899,0.0,0.367945529835,8.78051489784,6.50029071682,0.0,0.0,0.0,0.0,0.0,0.0,0.0,0.0,1.0
176,1064.78438702,1065.78596192,1065.78596192,1085.16483336,0.0,0.0,2.24129774441,1.00157489313,0.0,17.1375736976,0.0,0.0,0.0,0.0,1.0,0.0,0.0,1.0,0.0
177,1066.72249261,1083.62757349,1103.83445702,1105.54900937,0.0,9.90614712091,0.0,16.905080879,10.3007364109,1.71455234253,0.0,1.0,0.0,0.0,0.0,0.0,0.0,0.0,1.0
178,1071.26833726,1084.47211208,1108.82282856,1113.75610343,0.0,19.3623449472,0.0,13.2037748167,4.98837153895,4.93327486379,0.0,2.0,0.0,0.0,0.0,0.0,0.0,0.0,1.0
179,1071.40280905,1079.59827187,1089.09438464,1098.19567617,0.0,0.0,0.351924458865,8.19546282055,9.49611277361,8.74936706361,0.0,0.0,0.0,0.0,0.0,0.0,0.0,0.0,0.0
180,1076.79317136,1085.74457843,1092.75852585,1094.50345102,0.0,0.0,0.0,8.95140706527,7.01394742419,1.74492516983,0.0,0.0,0.0,0.0,0.0,0.0,0.0,2.0,0.0
181,1078.64054511,1084.58237042,1115.43585939,1122.50642365,4.98702838241,24.2404581411,0.0,0.954796929635,6.61303082637,7.07056426255,0.0,2.0,0.0,0.0,0.0,0.0,0.0,0.0,1.0
182,1079.31710978,1095.48379338,1119.61514222,1126.80973732,5.1550022931,19.9520660057,2.89128142903,11.0116813068,4.17928283352,4.30331366801,1.0,2.0,0.0,0.0,0.0,0.0,0.0,0.0,1.0
183,1080.35838509,1083.98606531,1110.64379532,1117.46162356,0.0,0.0,0.0,3.62768022022,26.6577300079,6.81782824477,0.0,0.0,0.0,0.0,0.0,0.0,0.0,1.0,0.0
184,1084.37702962,1111.70013562,1123.18969074,1142.1584944,0.205340803709,8.36512667171,15.3487962191,27.1177651966,3.12442845251,3.62000744353,1.0,3.0,0.0,0.0,1.0,0.0,0.0,0.0,1.0
185,1093.79659271,1096.22332498,1120.06526229,1138.53848696,1.68720067439,23.3918172407,6.74447502979,0.739531598515,0.450120067246,11.7287496418,0.0,3.0,0.0,0.0,1.0,0.0,0.0,0.0,1.0
186,1097.95478881,1114.0242444,1129.143975,1173.31172487,0.0,0.0,44.0054365833,16.0694555962,15.1197305914,0.162313294158,0.0,0.0,0.0,0.0,0.0,0.0,0.0,0.0,0.0
187,1104.88869681,1112.20027529,1112.20027529,1173.14941158,0.0,0.0,0.0,7.31157848652,0.0,60.9491362858,0.0,0.0,0.0,0.0,0.0,0.0,0.0,0.0,0.0
188,1110.26078307,1119.44325533,1137.96288668,1144.78253007,0.0,3.74643541602,4.1956077259,9.18247225477,14.7731959367,2.62403566475,0.0,2.0,0.0,0.0,1.0,0.0,0.0,0.0,1.0
189,1110.39515208,1125.11034682,1175.39660332,1183.03652401,0.0,0.0,0.0,14.7151947375,50.286256501,7.63992068762,0.0,0.0,0.0,0.0,1.0,0.0,0.0,1.0,0.0
190,1113.3937903,1126.55570229,1137.96288668,1182.44226968,0.0,11.4071843873,6.81964339065,13.1619119892,0.0,37.6597396143,0.0,3.0,0.0,0.0,2.0,0.0,0.0,0.0,1.0
191,1115.33028368,1126.96043696,1127.16976971,1140.6083353,0.0,0.0,0.0,11.6301532783,0.209332757435,13.4385655844,0.0,0.0,0.0,0.0,0.0,0.0,0.0,2.0,0.0
192,1130.85155024,1157.76406722,1183.63250642,1183.69368773,0.0,0.0,0.0,26.9125169764,25.8684392012,0.0611813093536,0.0,0.0,0.0,0.0,0.0,0.0,0.0,2.0,0.0
193,1133.1310108,1136.91639327,1148.67918705,1177.57342526,0.0,0.0,24.6325378249,3.78538246483,11.7627937796,4.26170038538,0.0,0.0,0.0,0.0,1.0,0.0,0.0,0.0,0.0
194,1133.88283662,1148.26357144,1159.86563602,1190.82504494,0.0,1.56181539679,25.9425956172,14.38073482,10.0402491804,5.01681330293,0.0,1.0,0.0,0.0,1.0,0.0,0.0,0.0,1.0
195,1136.60205499,1154.46251886,1170.73460239,1177.92785028,0.0,0.0,6.83882287118,17.860463869,16.2720835298,0.354425019916,0.0,0.0,0.0,0.0,2.0,0.0,0.0,0.0,0.0
196,1142.0780974,1147.71281915,1149.82538684,1185.80823164,0.0,0.0,32.6168828452,5.63472175442,2.1125676866,3.36596195238,0.0,0.0,0.0,0.0,0.0,0.0,0.0,0.0,1.0
197,1155.15597465,1155.21869702,1160.2068067,1200.22914407,0.0,4.64693900182,30.618238234,0.0627223655067,0.341170686135,9.40409913467,0.0,0.0,0.0,0.0,2.0,0.0,0.0,0.0,1.0
198,1160.53942688,1167.03790943,1172.12916459,1204.5140865,0.0,0.0,28.0999794791,6.4984825469,5.09125516492,4.28494243146,0.0,0.0,0.0,0.0,3.0,0.0,0.0,0.0,1.0
199,1166.13272319,1183.75788477,1223.16308315,1228.25386597,0.0,0.0,0.0,17.6251615728,39.4051983821,5.09078281834,0.0,0.0,0.0,0.0,0.0,0.0,0.0,1.0,0.0
200,1170.70191758,1173.42818463,1226.07999475,1237.65391376,0.0,0.0,0.0,2.72626704822,52.6518101213,11.5739190135,0.0,0.0,0.0,0.0,0.0,0.0,0.0,0.0,0.0
201,1170.9639094,1186.9511646,1202.4208666,1210.10434357,0.0,0.0,0.0,15.9872551959,15.4697020026,7.68347696944,0.0,0.0,0.0,0.0,0.0,0.0,0.0,2.0,0.0
202,1180.23379126,1180.33781889,1194.27363641,1205.51042202,0.0,0.0,10.2404500969,0.104027630822,13.9358175154,0.996335513141,0.0,0.0,0.0,0.0,1.0,0.0,0.0,0.0,1.0
203,1183.86915249,1185.23099921,1201.39500882,1216.98575206,0.0,9.04263719971,4.11541320015,1.36184671708,7.12137240984,11.4753300376,0.0,0.0,0.0,0.0,1.0,0.0,0.0,0.0,1.0
204,1205.58252852,1247.34206138,1264.16142793,1268.4335578,0.0,0.0,0.0,41.759532858,16.8193665537,4.27212986873,0.0,0.0,0.0,0.0,0.0,0.0,0.0,2.0,0.0
205,1213.51606145,1215.53310191,1215.61613514,1223.86622789,0.0,0.0,1.36961691722,2.01704045961,0.0830332244294,6.88047583423,0.0,0.0,0.0,0.0,0.0,0.0,0.0,0.0,1.0
206,1213.53835921,1215.9835247,1230.17691838,1243.32238048,0.0,0.0,0.0,2.44516549226,14.1933936772,13.1454621002,0.0,0.0,0.0,0.0,0.0,0.0,0.0,2.0,0.0
207,1226.01150602,1239.77279119,1268.35147018,1276.52140832,0.0,0.0,0.0,13.76128517,28.5786789868,8.16993814272,0.0,0.0,0.0,0.0,0.0,0.0,0.0,1.0,0.0
208,1231.30513518,1239.36608873,1250.08537508,1251.58362963,0.0,0.0,0.0,8.06095355845,10.7192863452,1.4982545551,0.0,0.0,0.0,0.0,0.0,0.0,0.0,0.0,0.0
209,1232.44256847,1253.44428653,1277.04712035,1289.56750983,0.0,22.2124167082,11.0182068079,21.001718064,1.39041711095,1.50218267331,0.0,0.0,0.0,0.0,0.0,0.0,0.0,0.0,0.0
210,1241.38197341,1250.44392961,1275.65670324,1288.06532716,0.0,0.0,0.0,9.06195619923,25.21277363,12.4086239189,0.0,0.0,0.0,0.0,0.0,0.0,0.0,0.0,0.0
211,1241.51832376,1293.00020277,1293.00020277,1325.99436777,0.0,0.0,0.0,51.48187901,0.0,32.9941650025,0.0,0.0,0.0,0.0,0.0,0.0,0.0,2.0,0.0
212,1242.67620471,1245.71090859,1251.97846606,1256.11132014,0.0,0.0,0.0,3.03470388606,6.26755746999,4.13285407774,0.0,0.0,0.0,0.0,0.0,0.0,0.0,0.0,1.0
213,1255.997193,1258.55772805,1258.55772805,1283.28518201,0.0,0.0,0.0,2.56053504614,0.0,24.7274539639,0.0,0.0,0.0,0.0,0.0,0.0,0.0,0.0,1.0
214,1262.70917403,1272.6730561,1298.17064549,1299.42599723,0.0,0.0,0.0,9.96388207075,25.4975893836,1.25535174943,0.0,1.0,0.0,0.0,0.0,0.0,0.0,1.0,0.0
215,1266.33055336,1272.8030388,1272.8030388,1282.43630245,0.0,0.0,0.0,6.47248544824,0.0,9.63326364609,0.0,1.0,0.0,0.0,0.0,0.0,0.0,2.0,0.0
216,1276.80548345,1277.15196283,1285.61279655,1287.20058058,0.0,0.0,0.0,0.346479387044,8.46083371471,1.5877840277,0.0,0.0,0.0,0.0,0.0,0.0,0.0,0.0,1.0
217,1283.01900926,1285.75128189,1306.79862077,1307.78345002,0.0,0.0,0.0,2.73227263153,21.0473388741,0.984829250847,0.0,0.0,0.0,0.0,0.0,0.0,0.0,0.0,0.0
218,1296.64584483,1333.20829425,1351.621645,1353.642263,0.0,0.0,0.0,36.5624494157,18.4133507469,2.02061800548,0.0,0.0,0.0,0.0,0.0,0.0,0.0,0.0,0.0
219,1307.03630097,1315.9409592,1330.88814544,1338.40865747,0.0,0.0,0.0,8.90465822432,14.9471862391,7.5205120281,0.0,0.0,0.0,0.0,0.0,0.0,0.0,0.0,0.0
220,1313.96195882,1337.82846785,1337.82846785,1359.22257629,0.0,0.0,0.0,23.8665090318,0.0,21.3941084448,0.0,0.0,0.0,0.0,0.0,0.0,0.0,0.0,1.0
221,1326.53795337,1347.94865103,1399.71800626,1406.06126984,0.0,0.0,0.0,21.4106976599,51.7693552353,6.34326358137,0.0,0.0,0.0,0.0,0.0,0.0,0.0,2.0,0.0
222,1333.02290151,1339.8072528,1389.40395653,1400.02664445,0.0,0.0,0.0,6.78435129434,49.5967037278,10.6226879161,0.0,0.0,0.0,0.0,0.0,0.0,0.0,1.0,0.0
223,1338.7466637,1350.40518119,1362.40131425,1369.37700432,0.0,1.21646380984,0.0,11.6585174825,10.7796692533,6.97569006567,0.0,0.0,0.0,0.0,0.0,0.0,0.0,0.0,0.0
224,1343.41923662,1346.44507741,1346.44507741,1395.66716991,0.0,0.0,0.0,3.02584078382,0.0,49.2220925019,0.0,0.0,0.0,0.0,0.0,0.0,0.0,2.0,0.0
225,1345.88451519,1348.28297945,1355.45286366,1363.54235389,0.0,0.0,3.76971263362,2.39846426247,7.16988420876,4.31977759371,0.0,0.0,0.0,0.0,0.0,0.0,0.0,0.0,1.0
226,1350.29545253,1356.95486147,1363.20228868,1369.471411,0.0,0.0,0.340065208143,6.65940894265,6.24742720603,5.92905710982,0.0,0.0,0.0,0.0,0.0,0.0,0.0,0.0,1.0
227,1350.47101032,1359.77223951,1371.04773029,1372.20452476,0.0,3.43004916768,0.0,9.30122918834,7.845441612,1.15679447001,0.0,0.0,0.0,0.0,0.0,0.0,0.0,0.0,1.0
228,1359.18337432,1361.75050379,1377.73825194,1393.01590223,0.0,0.650810457124,0.0,2.56712947206,15.336937687,15.2776502959,0.0,0.0,0.0,0.0,0.0,0.0,0.0,0.0,0.0
229,1366.7617419,1373.22041439,1376.05969971,1391.36567051,0.0,0.0,0.0,6.45867249792,2.83928531545,15.3059707973,0.0,0.0,0.0,0.0,0.0,0.0,0.0,0.0,1.0
230,1368.79497668,1381.59843239,1386.15678672,1394.41103656,0.0,0.0,5.20888379026,12.8034557152,4.55835432599,3.04536604893,0.0,0.0,0.0,0.0,0.0,0.0,0.0,0.0,1.0
231,1369.45947941,1387.32250491,1388.21931765,1400.21266863,3.76093498367,0.0,6.191718905,14.1020905161,0.896812740495,5.80163207558,0.0,0.0,0.0,0.0,1.0,0.0,0.0,0.0,1.0
232,1370.96465532,1397.04242263,1403.2950684,1404.04024903,10.6337770691,0.996717961795,0.0,15.4439902395,5.25592780833,0.745180630938,1.0,0.0,0.0,0.0,0.0,0.0,0.0,0.0,1.0
233,1376.99680659,1387.3742274,1398.03914059,1400.24351704,10.3256983195,0.845090253569,2.17352803948,0.0517224869257,9.8198229411,0.030848405393,1.0,0.0,0.0,0.0,0.0,0.0,0.0,0.0,1.0
234,1386.9541884,1446.34493152,1450.46623018,1468.76060964,0.42003899837,4.12129865244,8.24790693156,58.9707041253,0.0,10.0464725325,1.0,1.0,0.0,0.0,0.0,0.0,0.0,0.0,1.0
235,1390.39334438,1402.23166422,1410.20557371,1418.07209531,0.0,0.0,0.0,11.8383198387,7.97390949449,7.86652159329,0.0,0.0,0.0,0.0,0.0,0.0,0.0,0.0,0.0
236,1411.26159891,1419.09319362,1440.88832951,1446.77263346,0.0,0.0,0.0,7.83159471573,21.795135884,5.88430395653,0.0,0.0,0.0,0.0,0.0,0.0,0.0,0.0,0.0
237,1419.82897749,1430.13164898,1452.68610021,1453.15852817,0.0,0.0,0.0,10.3026714936,22.5544512262,0.47242795683,0.0,0.0,0.0,0.0,0.0,0.0,0.0,1.0,0.0
238,1421.14812122,1438.19757376,1450.46623018,1458.71413711,0.0,0.0,0.0,17.0494525416,12.2686564121,8.24790693156,0.0,0.0,0.0,0.0,0.0,0.0,0.0,0.0,1.0
239,1454.7571812,1468.49336899,1483.55056807,1530.50411728,0.0,3.59813941432,38.4183564892,13.7361877901,11.4590596673,8.5351927231,0.0,0.0,0.0,0.0,0.0,0.0,0.0,0.0,1.0
240,1456.44521305,1460.2841282,1465.9015665,1472.94887021,0.0,0.0,2.85904313561,3.8389151453,5.61743830724,4.18826056975,0.0,0.0,0.0,0.0,0.0,0.0,0.0,0.0,1.0
241,1456.99599745,1470.14836693,1483.99021901,1500.38293294,0.0,0.0,0.0,13.1523694705,13.8418520811,16.3927139324,0.0,0.0,0.0,0.0,0.0,0.0,0.0,0.0,0.0
242,1457.44573383,1465.19726899,1472.0915084,1479.52396473,2.83839437197,0.704297518689,0.857361807888,4.91314078855,6.18994189748,6.57509451853,0.0,0.0,0.0,0.0,0.0,0.0,0.0,0.0,1.0
243,1458.57427796,1467.95174465,1472.0915084,1521.96892456,6.62299102599,4.13976375061,7.43245632642,2.75447566555,0.0,42.44495983,1.0,1.0,0.0,0.0,1.0,0.0,0.0,0.0,1.0
244,1491.10519189,1494.20251281,1501.8473822,1531.30802207,0.0,0.0,28.6567350795,3.0973209166,7.64486939465,0.803904785881,0.0,0.0,0.0,0.0,1.0,0.0,0.0,0.0,1.0
245,1491.37731686,1513.00383672,1520.31368633,1533.83648625,0.0,0.0,10.9943357378,21.6265198637,7.30984960965,2.52846418052,0.0,0.0,0.0,0.0,2.0,0.0,0.0,0.0,1.0
246,1502.40489765,1505.68156182,1511.21927249,1517.07543259,0.0,0.0,0.0,3.27666417217,5.53771067102,5.85616009794,0.0,0.0,0.0,0.0,0.0,0.0,0.0,0.0,0.0
247,1510.77169837,1512.81863035,1519.74725441,1549.26953553,0.0,0.0,0.0,2.0469319797,6.9286240635,29.5222811223,0.0,0.0,0.0,0.0,0.0,0.0,0.0,0.0,0.0
248,1511.02219876,1526.00338181,1534.54428486,1543.88793543,0.0,3.98116392041,2.35318244701,14.981183044,4.55973912771,6.99046812614,0.0,0.0,0.0,0.0,0.0,0.0,0.0,0.0,1.0
249,1512.37694009,1515.10461093,1529.98454573,1536.8974673,0.626896626452,5.2090754014,3.85194052015,2.10077420825,9.67085939817,3.06098105457,0.0,0.0,0.0,0.0,2.0,0.0,0.0,0.0,1.0
250,1516.75065595,1527.80085938,1537.37601569,1550.38472037,0.0,6.74342547638,6.51191974204,11.0502034243,2.83173083111,6.49678494076,0.0,1.0,0.0,0.0,0.0,0.0,0.0,0.0,1.0
251,1526.66771039,1559.53885535,1602.33226436,1614.65588446,0.0,0.0,0.0,32.8711449624,42.7934090083,12.3236201031,0.0,0.0,0.0,0.0,0.0,0.0,0.0,1.0,0.0
252,1542.1675699,1557.64670804,1566.20159969,1566.68260735,0.0,0.0,0.0,15.4791381418,8.55489165492,0.481007656531,0.0,0.0,0.0,0.0,0.0,0.0,0.0,0.0,1.0
253,1544.97433085,1552.32055855,1572.04801036,1573.79454572,0.0,0.0,0.0,7.34622770384,19.7274518049,1.74653535902,0.0,0.0,0.0,0.0,0.0,0.0,0.0,0.0,0.0
254,1572.28808154,1573.40821113,1586.24490027,1592.49543945,0.0,0.0,0.0,1.12012958686,12.8366891482,6.2505391789,0.0,0.0,0.0,0.0,0.0,0.0,0.0,0.0,1.0
255,1572.46557301,1599.56928865,1636.13831126,1639.88270699,0.0,0.0,0.0,27.1037156358,36.5690226107,3.74439573794,0.0,0.0,0.0,0.0,0.0,0.0,0.0,2.0,0.0
256,1575.28512647,1581.82099325,1596.02432894,1607.95339133,0.0,4.42390702826,0.0,6.53586677328,9.77942866747,11.929062386,0.0,0.0,0.0,0.0,0.0,0.0,0.0,0.0,1.0
257,1578.90188315,1610.32007108,1615.85895288,1640.91609592,0.0,5.53888179144,2.4266124692,31.4181879325,0.0,22.6305305733,0.0,0.0,0.0,0.0,0.0,0.0,0.0,0.0,0.0
258,1581.32280478,1582.79678512,1615.85895288,1618.28556534,0.0,0.0,0.0,1.47398034441,33.0621677519,2.4266124692,0.0,0.0,0.0,0.0,0.0,0.0,0.0,0.0,0.0
259,1591.26983636,1594.63535852,1600.06025768,1611.84825727,0.0,1.38897041673,7.89313364587,3.36552216286,4.03592874016,3.89486594144,0.0,0.0,0.0,0.0,0.0,0.0,0.0,0.0,1.0
260,1597.11755435,1605.82081465,1639.54722439,1642.83218286,0.0,0.0,0.0,8.70326030209,33.7264097363,3.28495847607,0.0,0.0,0.0,0.0,0.0,0.0,0.0,1.0,0.0
261,1603.13422209,1633.20776184,1638.33813599,1666.17778066,0.0,0.0,22.3948124284,30.073539744,5.13037415844,5.44483223737,0.0,0.0,0.0,0.0,0.0,0.0,0.0,0.0,1.0
262,1621.45159221,1624.03200633,1624.03200633,1660.73294842,0.0,0.0,0.0,2.58041411943,0.0,36.7009420962,0.0,0.0,0.0,0.0,0.0,0.0,0.0,0.0,1.0
263,1624.05617534,1634.08758941,1641.38339391,1656.02776534,0.0,0.0,0.0,10.0314140651,7.29580450643,14.644371426,0.0,0.0,0.0,0.0,0.0,0.0,0.0,0.0,0.0
264,1630.87705444,1641.8100263,1643.08568102,1673.98144693,0.0,0.0,23.0920996379,10.9329718577,1.27565472645,7.80366627278,0.0,0.0,0.0,0.0,1.0,0.0,0.0,0.0,1.0
265,1642.34408462,1646.05842371,1646.05842371,1698.30093385,0.0,0.0,27.9230232187,3.71433909577,0.0,24.3194869135,0.0,0.0,0.0,0.0,2.0,0.0,0.0,0.0,1.0
266,1643.5474072,1671.88492357,1671.88492357,1693.17922472,0.0,0.0,0.0,28.337516367,0.0,21.2943011471,0.0,0.0,0.0,0.0,0.0,0.0,0.0,2.0,0.0
267,1646.78472962,1661.66098096,1706.36489955,1714.63425136,0.0,0.0,0.0,14.8762513345,44.7039185929,8.26935181392,0.0,0.0,0.0,0.0,0.0,0.0,0.0,1.0,0.0
268,1654.15000571,1659.09942302,1692.06762087,1692.46533292,0.0,0.0,0.0,4.94941730264,32.968197849,0.397712054406,0.0,0.0,0.0,0.0,0.0,0.0,1.0,0.0,0.0
269,1662.55394095,1677.05603982,1678.36447571,1703.85089995,0.0,0.0,14.8147490056,14.5020988696,1.30843588984,10.6716752296,0.0,0.0,0.0,0.0,0.0,0.0,0.0,2.0,0.0
270,1670.72692946,1677.54677281,1705.04343775,1723.5705528,0.0,14.520848061,0.0,6.81984334436,12.9758168862,18.527115052,0.0,0.0,0.0,0.0,0.0,0.0,0.0,0.0,0.0
271,1672.76088981,1686.35144078,1695.94946319,1721.13953223,0.0,0.0,7.90143676069,13.590550962,9.59802240936,17.288632281,0.0,0.0,0.0,0.0,0.0,0.0,0.0,2.0,0.0
272,1675.75420411,1696.03840515,1707.31944888,1733.20848805,0.0,9.00503260156,16.2511039289,20.2842010393,2.27601112314,9.63793524758,0.0,0.0,0.0,0.0,0.0,0.0,0.0,0.0,0.0
273,1676.60939164,1677.64514626,1685.91724719,1710.10541656,0.0,0.0,12.3836866536,1.03575462085,8.27210092772,11.8044827176,0.0,0.0,0.0,0.0,0.0,0.0,0.0,0.0,1.0
274,1679.39428651,1686.86868873,1720.86788406,1727.07992856,0.0,19.4962108197,0.0,7.47440221867,14.5029845067,6.21204450832,0.0,1.0,0.0,0.0,2.0,0.0,0.0,1.0,0.0
275,1684.22899997,1691.46096862,1735.3315707,1743.2077459,0.0,4.48849456903,0.0,7.23196864696,39.382107516,7.87617520213,0.0,1.0,0.0,0.0,0.0,0.0,0.0,2.0,0.0
276,1686.61595947,1697.54523591,1757.65323706,1765.76429219,0.0,37.7863347873,0.0,10.9292764415,22.3216663626,8.11105512922,0.0,1.0,0.0,0.0,0.0,0.0,0.0,2.0,0.0
277,1699.8647398,1702.23666094,1706.36713221,1719.73663569,0.0,0.0,3.73828435049,2.37192113794,4.13047127262,9.63121912202,0.0,0.0,0.0,0.0,0.0,0.0,0.0,0.0,1.0
278,1700.82528363,1711.36597712,1739.98747549,1748.16019172,0.0,0.0,6.02593471884,10.5406934944,28.6214983614,2.14678151417,0.0,1.0,1.0,1.0,0.0,0.0,0.0,0.0,0.0
279,1705.4910915,1708.79757219,1708.79757219,1746.01341021,0.0,0.0,24.4109158613,3.30648069109,0.0,12.8049221529,0.0,0.0,1.0,1.0,1.0,0.0,0.0,0.0,0.0
280,1705.59137484,1714.26542112,1771.71925813,1773.87335314,0.0,25.7220543618,0.0,8.67404628019,31.7317826456,2.15409500663,0.0,0.0,1.0,1.0,0.0,1.0,0.0,0.0,0.0
281,1733.59823748,1746.24772474,1746.24772474,1772.35452176,0.0,0.0,0.0,12.6494872603,0.0,26.1067970211,0.0,1.0,0.0,1.0,0.0,0.0,0.0,1.0,0.0
282,1738.36821787,1738.85030921,1745.8680948,1757.25998068,0.0,0.0,0.0,0.482091338318,7.01778558671,11.3918858769,0.0,0.0,0.0,0.0,0.0,0.0,0.0,0.0,1.0
283,1746.39511151,1755.15596754,1764.82147605,1793.16609693,0.0,0.0,7.53304571105,8.76085602192,9.665508517,20.8115751629,0.0,0.0,0.0,0.0,0.0,0.0,0.0,1.0,0.0
284,1756.35673507,1756.75896031,1786.19783444,1787.79646981,0.0,14.9602978227,0.0,0.402225235571,14.4785763044,1.59863537459,0.0,0.0,0.0,0.0,0.0,0.0,0.0,0.0,0.0
285,1785.90897072,1791.97127341,1824.24052132,1825.19380301,0.0,0.0,0.0,6.06230269384,32.26924791,0.953281681139,0.0,0.0,0.0,0.0,0.0,0.0,0.0,0.0,0.0
286,1792.94735151,1802.9716512,1811.72354066,1815.52525826,0.0,0.0,0.0,10.0242996879,8.75188946793,3.80171759685,0.0,0.0,0.0,0.0,0.0,0.0,0.0,0.0,1.0
287,1795.63105716,1826.02789337,1852.08058673,1865.09538539,0.0,0.0,0.0,30.3968362058,26.0526933661,13.0147986524,0.0,0.0,0.0,0.0,0.0,0.0,0.0,0.0,0.0
288,1803.82250276,1825.496808,1825.496808,1840.03731604,0.0,0.0,0.0,21.6743052399,0.0,14.5405080454,0.0,0.0,0.0,0.0,0.0,0.0,0.0,0.0,1.0
289,1804.65866606,1807.68806281,1818.75579052,1823.92614072,0.0,0.0,0.0,3.0293967523,11.067727709,5.17035020678,0.0,0.0,0.0,0.0,0.0,0.0,0.0,1.0,0.0
290,1810.72691716,1828.04145106,1828.04145106,1853.42595016,0.0,0.0,0.0,17.3145339037,0.0,25.384499102,0.0,0.0,0.0,0.0,0.0,0.0,0.0,1.0,0.0
291,1820.56267741,1834.1385643,1843.87818912,1843.99450147,0.0,0.0,0.0,13.575886898,9.73962481055,0.116312352781,0.0,0.0,0.0,0.0,0.0,0.0,0.0,0.0,1.0
292,1828.46333697,1843.82530714,1872.5926893,1876.54845428,0.0,0.0,0.0,15.3619701712,28.7673821568,3.95576497758,0.0,0.0,0.0,0.0,0.0,0.0,0.0,2.0,0.0
293,1837.92641731,1840.20744247,1855.21568662,1878.00819342,0.0,0.0,0.0,2.28102516076,15.008244151,22.7925068025,0.0,0.0,0.0,0.0,0.0,0.0,0.0,1.0,0.0
294,1847.06425808,1858.26252076,1858.26252076,1906.06682071,0.0,0.0,0.0,11.1982626746,0.0,47.8042999557,0.0,0.0,0.0,0.0,0.0,0.0,0.0,0.0,1.0
295,1848.21691955,1852.11753879,1889.16236721,1895.61724072,0.0,0.0,0.0,3.90061923607,37.0448284255,6.45487351057,0.0,0.0,0.0,0.0,0.0,0.0,0.0,0.0,0.0
296,1852.61336489,1856.58690764,1879.02827874,1888.87790789,0.0,0.0,0.0,3.97354274638,22.4413711018,9.84962914791,0.0,0.0,0.0,0.0,0.0,0.0,0.0,1.0,0.0
297,1856.47703542,1864.23316603,1904.40623488,1918.91948437,0.0,24.9292011841,0.0,7.75613060244,15.2438676672,14.5132494945,0.0,0.0,0.0,0.0,0.0,0.0,0.0,0.0,0.0
298,1866.41210205,1870.23571981,1912.39593766,1919.69824474,0.0,8.792558931,0.0,3.82361775934,33.3676589167,7.30230708172,0.0,1.0,0.0,0.0,0.0,0.0,0.0,1.0,0.0
299,1866.42119334,1870.270388,1877.11297049,1907.45776212,0.0,0.0,28.9538502246,3.84919466577,6.84258248196,1.39094141339,0.0,0.0,0.0,0.0,0.0,0.0,0.0,0.0,1.0
300,1876.50226159,1877.99502469,1878.77505336,1919.67585314,0.0,0.0,28.6827087634,1.49276310681,0.780028666496,12.2180910175,0.0,0.0,0.0,0.0,1.0,0.0,0.0,0.0,1.0
301,1878.46840397,1884.2680397,1888.83700907,1929.43902526,0.0,0.0,30.8388440727,5.79963572303,4.56896937432,9.76317211954,0.0,0.0,0.0,0.0,2.0,0.0,0.0,0.0,1.0
302,1878.52863313,1886.19690007,1908.46240749,1909.75515426,0.0,0.0,0.0,7.66826693524,22.2655074269,1.29274676384,0.0,1.0,1.0,0.0,0.0,0.0,0.0,2.0,0.0
303,1888.19362224,1896.84559026,1902.21155502,1950.47572757,0.0,0.0,27.2274702441,8.65196801939,5.36596475519,21.0367023053,0.0,0.0,0.0,0.0,3.0,0.0,0.0,0.0,1.0
304,1892.16798658,1897.31271628,1916.14907126,1956.65626494,0.0,4.89883873905,34.326656312,5.1447296954,13.9375162374,6.18053737474,0.0,0.0,0.0,0.0,2.0,0.0,0.0,0.0,1.0
305,1903.42742098,1923.08382555,1940.17752526,1944.20599108,0.0,0.0,0.0,19.6564045632,17.0936997117,4.02846582542,0.0,0.0,0.0,0.0,0.0,0.0,0.0,0.0,0.0
306,1908.65383647,1929.70628311,1932.04718803,1966.32897143,0.0,0.0,24.6090769146,21.0524466488,2.34090491291,9.67270648776,0.0,0.0,0.0,0.0,1.0,0.0,0.0,0.0,1.0
307,1935.69449965,1937.32739012,1944.48143067,1978.02664118,0.0,0.0,21.8475407583,1.63289047046,7.15404055442,11.6976697468,0.0,0.0,0.0,0.0,2.0,0.0,0.0,0.0,1.0
308,1949.96655492,1953.54908227,1991.33289185,1997.14189918,0.0,0.0,0.0,3.58252734202,37.7838095876,5.80900732312,0.0,0.0,0.0,0.0,0.0,0.0,0.0,0.0,0.0
309,1955.61036793,1967.57359542,1971.04395641,1983.69148227,0.0,0.0,6.98268477142,11.9632274828,3.4703609885,5.66484109465,0.0,0.0,0.0,0.0,0.0,0.0,0.0,0.0,1.0
310,1955.8514451,1967.12945942,1988.35341449,1990.59640174,0.0,0.0,0.0,11.2780143207,21.2239550649,2.2429872549,0.0,0.0,0.0,0.0,0.0,0.0,0.0,2.0,0.0
311,1958.42457488,1965.78959659,1965.78959659,1985.5241935,0.0,0.0,0.0,7.36502170307,0.0,19.7345969138,0.0,0.0,0.0,0.0,0.0,0.0,0.0,1.0,0.0
312,1962.50412186,1970.53853085,1971.04395641,2011.15534196,0.0,0.505425556011,12.6475258661,8.0344089935,0.0,27.4638596909,0.0,0.0,0.0,0.0,1.0,0.0,0.0,0.0,1.0
313,1964.31227314,1965.9996177,1983.79644187,1985.87482826,0.0,0.0,1.7277516314,1.68734455385,17.7968241701,0.350634760724,0.0,0.0,0.0,0.0,0.0,0.0,0.0,1.0,0.0
314,1966.57925675,1972.06960818,1983.59809042,2014.92556507,0.994338670932,0.0,27.5572515399,4.49601276042,11.5284822451,3.77022310637,0.0,0.0,0.0,0.0,1.0,0.0,0.0,0.0,1.0
315,1968.58524907,1986.28315802,1993.51027907,2022.39653724,1.95328177918,0.0,21.4152860019,15.7446271712,7.22712104621,7.4709721718,0.0,1.0,0.0,0.0,1.0,0.0,0.0,0.0,1.0
316,1985.73764672,2004.73587393,2010.30628205,2027.93424737,0.0,0.0,12.0902551881,18.9982272093,5.57040811919,5.53771013451,0.0,0.0,0.0,0.0,2.0,0.0,0.0,0.0,1.0
317,1988.85147939,2005.12635706,2043.85750528,2053.21099139,0.0,0.0,0.0,16.2748776749,38.7311482135,9.3534861151,0.0,0.0,0.0,0.0,0.0,0.0,0.0,0.0,0.0
318,1991.05615763,2001.90343844,2001.90343844,2043.85617688,0.0,0.0,0.0,10.8472808056,0.0,41.9527384389,0.0,0.0,0.0,0.0,0.0,0.0,0.0,0.0,0.0
319,1997.24144341,2005.26599147,2005.26599147,2028.75301424,0.0,0.0,0.0,8.02454805764,0.0,23.4870227709,0.0,0.0,0.0,0.0,0.0,0.0,0.0,1.0,0.0
320,2004.12540084,2008.63183321,2011.49893804,2039.38740618,0.0,0.0,17.2540762028,4.50643236773,2.86710482567,10.6343919428,0.0,0.0,0.0,0.0,0.0,0.0,0.0,1.0,0.0
321,2010.71920729,2013.07474143,2024.35507636,2045.91312701,0.0,0.0,15.032329824,2.35553413241,11.2803349315,6.52572082819,0.0,0.0,0.0,0.0,0.0,1.0,0.0,1.0,0.0
322,2019.95384896,2048.88338026,2057.02784168,2062.552651,0.0,0.0,2.89257216024,28.9295313073,8.14446142092,2.63223715765,0.0,0.0,0.0,0.0,0.0,0.0,0.0,0.0,1.0
323,2020.57597418,2022.12743706,2031.20555086,2048.837001,0.0,0.0,0.0,1.55146288362,9.07811379881,17.6314501369,0.0,0.0,0.0,0.0,0.0,0.0,0.0,0.0,1.0
324,2023.34774338,2080.00838403,2113.49024656,2115.3625499,0.0,0.0,0.0,56.6606406555,33.4818625286,1.87230333548,0.0,0.0,0.0,0.0,0.0,0.0,0.0,0.0,0.0
325,2026.0360905,2056.35171106,2075.18246659,2081.28202288,0.0,0.0,0.0,30.3156205643,18.8307555242,6.09955629,0.0,0.0,0.0,0.0,0.0,0.0,0.0,0.0,0.0
326,2027.49483879,2039.3990678,2040.43142874,2059.92041384,0.0,0.0,8.40557225904,11.9042290066,1.03236093763,11.0834128474,0.0,0.0,0.0,0.0,0.0,0.0,0.0,0.0,1.0
327,2030.35817849,2038.00011023,2046.36011543,2059.4235675,0.0,0.0,0.0,7.64193174668,8.36000519722,13.0634520717,0.0,0.0,0.0,0.0,0.0,0.0,0.0,1.0,0.0
328,2042.43444606,2046.87880036,2056.16066005,2066.96006423,0.0,0.0,0.0,4.44435430361,9.28185968847,10.7994041779,0.0,0.0,0.0,0.0,0.0,0.0,0.0,0.0,0.0
329,2042.79481103,2055.17595342,2057.02784168,2124.78837656,0.0,1.85188826063,5.52480931789,12.3811423953,0.0,62.2357255607,0.0,0.0,0.0,0.0,1.0,0.0,0.0,0.0,1.0
330,2060.95398878,2062.66899099,2069.21962667,2131.92379167,0.0,0.0,55.5687498951,1.71500221496,6.55063567271,7.13541510385,0.0,0.0,0.0,0.0,0.0,0.0,0.0,0.0,1.0
331,2088.63508158,2091.54043035,2132.6384389,2136.05807307,0.0,0.0,0.0,2.90534877191,41.0980085534,3.41963416533,0.0,0.0,0.0,0.0,0.0,0.0,0.0,1.0,0.0
332,2089.65342364,2089.66580488,2100.07691858,2138.39369005,0.0,0.0,31.8468730896,0.0123812413677,10.4111136927,6.4698983824,0.0,0.0,0.0,0.0,1.0,0.0,0.0,0.0,1.0
333,2092.36244096,2094.46840412,2105.46297978,2139.2769684,0.0,5.60851445784,32.9307102707,2.10596315672,5.38606120134,0.883278354948,0.0,0.0,0.0,0.0,2.0,0.0,0.0,0.0,1.0
334,2099.30647915,2101.07992803,2117.43149828,2143.03280903,0.0,4.38305175055,21.8454701204,1.77344887827,11.9685185052,3.75584062808,0.0,1.0,0.0,0.0,3.0,0.0,0.0,0.0,1.0
335,2099.38041934,2106.28517609,2118.07879987,2125.25060074,0.0,0.0,0.0,6.90475674983,11.7936237858,7.17180086363,0.0,0.0,0.0,0.0,0.0,0.0,0.0,2.0,0.0
336,2102.54311877,2113.85473651,2121.93719944,2146.94036265,0.0,3.57676177221,21.0956095889,11.3116177455,4.5057011596,3.90755362124,0.0,1.0,0.0,0.0,4.0,0.0,0.0,0.0,1.0
337,2107.53946431,2119.41750274,2162.97902542,2168.25288892,0.0,0.0,0.0,11.878038432,43.5615226779,5.27386349952,0.0,0.0,0.0,0.0,0.0,0.0,0.0,0.0,0.0
338,2118.78936012,2121.51275941,2162.97902542,2194.16481554,0.0,41.4662660022,5.27386349952,2.72339929139,0.0,25.9119266234,0.0,0.0,0.0,0.0,0.0,0.0,0.0,0.0,0.0
339,2118.85908575,2121.61247991,2129.79844095,2151.98242567,0.0,0.324719530018,17.1419217038,2.75339416396,7.86124150636,5.04206301878,0.0,0.0,0.0,0.0,4.0,0.0,0.0,0.0,1.0
340,2118.98979033,2125.07785381,2162.97902542,2211.94724038,0.0,37.9011716034,31.185790123,6.08806348238,0.0,17.7824248411,0.0,0.0,0.0,0.0,1.0,0.0,0.0,0.0,0.0
341,2120.53395227,2122.15635062,2146.2563653,2153.62319961,0.0,10.4820882839,0.0,1.62239834717,13.6179263914,7.36683431226,0.0,0.0,0.0,0.0,0.0,0.0,0.0,1.0,0.0
342,2120.6590301,2120.88296208,2140.23025448,2146.90835253,0.0,0.0,0.0,0.223931987431,19.3472924012,6.67809804355,0.0,0.0,0.0,0.0,0.0,0.0,0.0,2.0,0.0
343,2120.73099388,2122.64514735,2172.75581273,2183.91985619,0.0,17.585107136,0.0,1.91415346516,32.5255582426,11.1640434657,0.0,0.0,0.0,0.0,1.0,0.0,0.0,2.0,0.0
344,2122.2782286,2145.8596009,2185.14963815,2186.04328493,0.0,0.396764399652,0.0,23.5813722969,38.893272856,0.893646779476,0.0,1.0,1.0,0.0,2.0,0.0,0.0,1.0,0.0
345,2132.76266086,2141.60523175,2157.93547898,2164.88903499,0.0,0.0,0.0,8.84257089141,16.3302472308,6.95355600799,0.0,0.0,0.0,0.0,0.0,0.0,0.0,0.0,1.0
346,2134.24703145,2188.71318999,2200.13414877,2204.552675,0.0,3.82218933761,0.0,54.4661585442,7.59876944231,4.41852623235,0.0,0.0,0.0,0.0,0.0,0.0,0.0,0.0,1.0
347,2145.39522989,2167.26279949,2186.63922738,2240.41829396,0.0,16.7734648362,47.7973413328,21.8675695972,2.60296305317,5.98172524782,0.0,2.0,0.0,0.0,2.0,0.0,0.0,0.0,0.0
348,2149.88670053,2154.71889855,2202.05643315,2202.9284819,0.0,30.4307396051,0.0,4.83219801292,16.9067949953,0.872048752635,0.0,2.0,0.0,0.0,2.0,0.0,0.0,1.0,0.0
349,2151.33118287,2165.97231044,2184.03626433,2234.43656871,0.0,0.0,27.9109760515,14.6411275693,18.0639538898,22.4893283345,0.0,2.0,0.0,0.0,1.0,0.0,0.0,0.0,0.0
350,2161.01170373,2162.29762283,2172.75581273,2211.64206606,0.0,10.458189895,11.1640434657,1.2859191049,0.0,27.7222098666,0.0,2.0,1.0,0.0,1.0,0.0,0.0,2.0,0.0
351,2162.01008915,2181.06098009,2215.55152827,2220.78726339,0.0,0.0,0.0,19.0508909333,34.4905481839,5.23573511323,0.0,2.0,1.0,0.0,2.0,0.0,0.0,2.0,0.0
352,2167.7263457,2178.30100803,2187.98184989,2192.41800686,0.0,0.0,0.0,10.5746623303,9.68084186198,4.43615697177,0.0,0.0,0.0,0.0,0.0,0.0,0.0,0.0,1.0
353,2170.95426566,2182.5421897,2192.53537933,2197.22663494,7.3467423642,5.43966018479,0.0,4.24118167718,4.55352943901,4.69125561524,0.0,0.0,0.0,0.0,0.0,0.0,0.0,0.0,1.0
354,2171.21766262,2190.46138627,2204.01257165,2241.17318542,0.0,0.0,36.4057223149,19.2437236491,13.5511853744,0.754891459473,0.0,1.0,1.0,1.0,2.0,0.0,0.0,0.0,0.0
355,2179.63687525,2211.82054892,2227.41695187,2229.86756155,2.90531445289,8.08271487899,0.0,29.2783592138,7.51368807146,2.45060968552,0.0,1.0,0.0,0.0,0.0,0.0,0.0,0.0,1.0
356,2182.22478273,2194.30278724,2220.49196583,2245.58987542,0.0,9.70978440274,20.681219593,12.0780045182,16.4793941814,4.41668999968,0.0,1.0,1.0,0.0,2.0,0.0,0.0,0.0,0.0
357,2186.84839198,2191.41860001,2206.73044194,2206.98571667,1.86479800889,8.71554876537,0.0,2.70541001455,6.59629316955,0.255274726228,0.0,1.0,0.0,0.0,0.0,0.0,0.0,0.0,1.0
358,2194.17108424,2198.32077147,2219.9032638,2220.6735605,0.0,8.40967046791,0.0,4.14968723032,13.1728218571,0.770296706901,0.0,1.0,0.0,0.0,0.0,0.0,0.0,0.0,1.0
359,2208.29871824,2217.66520242,2229.11330039,2232.48914359,0.0,9.75174945024,0.754261165142,9.36648418285,1.69634852038,2.6215820315,0.0,0.0,0.0,0.0,0.0,0.0,0.0,0.0,1.0
360,2210.64723723,2214.8964565,2218.46954486,2235.22796671,0.0,0.0,0.0,4.24921927128,3.57308836584,16.7584218453,0.0,0.0,0.0,0.0,2.0,0.0,0.0,1.0,0.0
361,2220.33657603,2222.18917343,2226.25538224,2250.85921941,0.0,0.0,19.3344931849,1.85259740481,4.06620880487,5.26934399165,0.0,0.0,0.0,0.0,3.0,0.0,0.0,0.0,0.0
362,2220.4058628,2226.59893328,2237.00172891,2241.48672916,0.0,2.51436711038,0.0,6.19307047542,7.88842852179,4.48500025049,0.0,1.0,0.0,0.0,0.0,0.0,0.0,0.0,1.0
363,2227.88730398,2235.05106554,2246.76137169,2255.89785091,0.0,0.0,4.09784772402,7.16376156545,11.7103061475,5.03863150177,0.0,0.0,0.0,0.0,0.0,0.0,0.0,0.0,0.0
364,2230.32471734,2233.40002185,2241.17013585,2248.8531205,0.0,3.6017070659,0.316593311406,3.07530450547,4.16840693909,7.36639134212,0.0,0.0,0.0,0.0,0.0,0.0,0.0,0.0,1.0
365,2231.51006734,2271.07775745,2316.1890456,2317.82749828,0.0,10.6321207019,0.0,39.5676901055,34.4791674528,1.6384526762,0.0,0.0,0.0,0.0,0.0,0.0,0.0,1.0,0.0
366,2234.51145202,2242.54769223,2247.44839993,2252.99395254,0.0,0.0,1.40472057222,8.03624020906,4.90070770628,4.14083203802,0.0,1.0,0.0,0.0,0.0,0.0,0.0,0.0,1.0
367,2235.58750279,2242.04898395,2242.04898395,2267.89793886,0.0,0.0,0.0,6.46148116601,0.0,25.8489549069,0.0,0.0,0.0,0.0,1.0,0.0,0.0,1.0,0.0
368,2241.32332569,2252.64695812,2283.38842499,2295.52336602,0.0,0.0,0.0,11.3236324298,30.741466872,12.1349410257,0.0,0.0,0.0,0.0,0.0,1.0,0.0,0.0,0.0
369,2244.25579494,2248.08469085,2263.91433041,2264.48218944,0.0,0.0,0.0,3.82889590191,15.8296395599,0.56785902996,0.0,0.0,0.0,0.0,0.0,0.0,0.0,0.0,1.0
370,2245.60479477,2256.45496485,2258.14807764,2301.18948708,0.0,0.0,9.74986121929,10.850170082,1.69311278824,33.2915482206,0.0,0.0,0.0,0.0,0.0,0.0,0.0,1.0,0.0
371,2248.03261181,2256.523667,2275.89911917,2278.66600976,0.0,7.39066340484,0.0,8.49105519512,11.9847887669,2.76689058217,0.0,0.0,0.0,0.0,0.0,0.0,0.0,0.0,1.0
372,2254.69886117,2260.57823603,2287.82917304,2292.85384947,0.0,15.3208831431,0.0,5.87937485906,11.930053863,5.02467643305,0.0,0.0,0.0,0.0,0.0,0.0,0.0,0.0,1.0
373,2258.00047075,2259.71122111,2281.70987815,2309.78426546,0.0,0.0,19.4796089315,1.71075036807,21.9986570372,8.59477837288,0.0,0.0,0.0,0.0,0.0,0.0,0.0,1.0,0.0
374,2260.84283015,2265.26840551,2288.42311355,2293.20906246,0.0,0.0,0.0,4.42557536195,23.1547080467,4.78594890551,0.0,0.0,0.0,0.0,0.0,1.0,0.0,2.0,0.0
375,2262.39115987,2275.84425169,2324.9855371,2325.29733013,0.0,12.5788618642,0.0,13.4530918154,36.562423544,0.311793029539,0.0,0.0,0.0,0.0,0.0,0.0,0.0,2.0,0.0
376,2262.66988749,2268.41229361,2291.82528968,2302.48579273,0.0,14.9761313824,3.69807633997,5.74240611879,8.43686468576,6.96242671682,0.0,0.0,0.0,0.0,0.0,1.0,0.0,0.0,0.0
377,2271.41391784,2312.13249677,2346.49328001,2358.7193981,0.0,23.2435419439,0.0,40.718578933,11.1172412972,12.2261180914,0.0,1.0,1.0,0.0,0.0,0.0,0.0,0.0,0.0
378,2275.89426862,2297.85538321,2323.7585557,2326.19207502,0.0,5.26724518714,1.1643288835,21.9611145821,20.6359273093,1.2691904348,0.0,1.0,1.0,1.0,0.0,0.0,0.0,0.0,0.0
379,2278.02739438,2300.13723405,2346.55294468,2350.14867464,0.0,16.0518115547,0.0,22.1098396693,30.3638990755,3.59572996372,0.0,1.0,1.0,1.0,0.0,0.0,0.0,1.0,0.0
380,2282.2308679,2287.29483744,2303.12262839,2324.92288459,0.0,4.53045223765,0.0,5.06396953622,11.2973387155,21.8002561928,0.0,1.0,0.0,1.0,0.0,0.0,0.0,0.0,0.0
381,2290.9678576,2306.07364895,2339.95780849,2346.82386532,0.0,18.9118881518,0.0,15.1057913455,14.9722713925,6.86605682552,0.0,1.0,0.0,0.0,0.0,0.0,0.0,2.0,0.0
382,2293.57952994,2295.96240643,2297.02230634,2318.82752163,0.0,0.0,0.0,2.38287648986,1.05989991175,21.8052152906,0.0,0.0,0.0,0.0,0.0,0.0,0.0,0.0,1.0
383,2298.34277021,2304.40884731,2335.37603871,2342.08788923,0.0,19.349708391,0.0,6.0660771009,11.6174830094,6.71185051846,0.0,1.0,0.0,0.0,0.0,0.0,0.0,0.0,0.0
384,2327.79781666,2328.39996127,2367.25499937,2374.43108138,0.0,18.1529834042,0.0,0.602144615344,20.7020546954,7.17608200764,0.0,1.0,0.0,0.0,0.0,0.0,0.0,1.0,0.0
385,2334.61353722,2344.62923111,2350.0698328,2379.99258954,0.0,0.0,0.0,10.015693887,5.44060169772,29.9227567355,0.0,1.0,1.0,0.0,0.0,0.0,0.0,2.0,0.0
386,2340.72693614,2367.19877042,2385.42494965,2389.14965308,0.0,0.0,0.0,26.471834279,18.2261792298,3.72470342733,0.0,0.0,1.0,0.0,0.0,0.0,0.0,2.0,0.0
387,2341.98558297,2352.1721048,2400.50136989,2402.29276128,0.0,0.0,0.0,10.1865218352,48.329265086,1.79139138934,0.0,0.0,1.0,0.0,0.0,0.0,0.0,0.0,0.0
388,2345.87472181,2366.86410071,2380.57235573,2384.6154531,0.0,0.0,0.0,20.989378902,13.7082550156,4.04309736969,0.0,0.0,0.0,0.0,0.0,0.0,0.0,0.0,1.0
389,2348.85839306,2368.16573207,2396.04583405,2397.70968591,0.0,12.406623657,0.0,19.3073390126,15.4734783248,1.66385185714,0.0,0.0,0.0,0.0,0.0,0.0,0.0,0.0,1.0
390,2377.63509934,2379.76436527,2406.87608577,2410.25863574,0.0,0.0,0.0,2.12926592788,27.111720506,3.38254996303,0.0,0.0,0.0,0.0,0.0,0.0,0.0,1.0,0.0
391,2386.58854026,2390.74997132,2403.61136223,2408.94194415,0.0,5.29586273178,0.0,4.16143106369,7.56552817989,5.33058191844,0.0,0.0,0.0,0.0,0.0,0.0,0.0,0.0,1.0
392,2390.54179386,2403.01315959,2419.25966333,2442.5201806,0.0,12.2896046357,8.15095901418,12.4713657291,3.95689910275,15.1095582599,0.0,0.0,0.0,0.0,1.0,0.0,0.0,0.0,1.0
393,2394.34975777,2396.68738872,2411.86199064,2425.50288771,0.0,6.92397351286,0.0,2.33763094497,8.25062840765,13.6408970672,0.0,1.0,0.0,0.0,0.0,0.0,0.0,0.0,1.0
394,2395.62163072,2402.53514738,2415.30276423,2427.41062234,1.06575799423,9.32684325574,10.2001234806,5.84775866476,3.44077358665,1.90773463633,0.0,1.0,0.0,0.0,0.0,0.0,0.0,0.0,1.0
395,2397.6368886,2407.65466697,2427.19420279,2451.84456931,4.89825878438,11.6049963625,15.3259778157,5.11951958262,7.93453945835,9.3243887041,0.0,2.0,0.0,0.0,1.0,0.0,0.0,0.0,1.0
396,2403.95150338,2425.38482667,2454.33847126,2460.68119151,0.0,0.0,0.0,21.4333232935,28.9536445913,6.3427202423,0.0,0.0,0.0,0.0,0.0,0.0,0.0,0.0,0.0
397,2417.49270706,2441.89889541,2456.85049228,2464.59729271,0.0,10.4880387973,3.92546646431,24.4061883536,4.46355807361,3.82133396959,0.0,1.0,0.0,0.0,0.0,0.0,0.0,0.0,1.0
398,2420.92768047,2434.46467466,2442.82712968,2450.15222022,0.0,0.0,0.0,13.5369941911,8.36245502768,7.32509053694,0.0,0.0,0.0,0.0,0.0,0.0,0.0,1.0,0.0
399,2431.25102235,2440.92215514,2452.38693421,2460.77595874,0.0,0.0,0.0,9.67113279253,11.4647790657,8.38902453792,0.0,0.0,0.0,0.0,0.0,0.0,0.0,0.0,1.0
400,2431.9136887,2434.6212144,2439.32523177,2444.04517723,0.0,0.0,0.0,2.70752570123,4.7040173703,4.71994545409,0.0,0.0,0.0,0.0,0.0,0.0,0.0,2.0,0.0
401,2435.04117006,2459.80819129,2477.24384431,2479.99008793,5.88098507619,11.830071271,0.0,18.886036153,5.60558174156,2.74624362393,0.0,0.0,0.0,0.0,0.0,0.0,0.0,0.0,1.0
402,2447.05416664,2448.26837719,2471.63826256,2472.7490726,0.0,8.58211508515,0.0,1.21421055619,14.7877702846,1.11081003224,0.0,1.0,0.0,0.0,0.0,0.0,0.0,0.0,1.0
403,2449.85315924,2477.96035242,2493.20320862,2496.74756849,0.0,4.7513057385,0.0,28.107193181,10.4915504586,3.54435987915,0.0,2.0,0.0,0.0,0.0,0.0,0.0,0.0,1.0
404,2455.58128929,2515.03220526,2527.14411911,2621.91497136,0.0,0.0,82.2339062316,59.4509159715,12.1119138522,12.5369460134,0.0,0.0,0.0,0.0,2.0,0.0,0.0,0.0,0.0
405,2465.13650407,2473.11006146,2482.71165816,2488.64813731,0.0,4.13378284147,0.0,7.97355739067,5.46781385125,5.93647914887,0.0,1.0,0.0,0.0,0.0,0.0,0.0,0.0,1.0
406,2466.28384099,2499.78918867,2514.07268735,2522.73203357,6.82622047038,10.6988643905,0.0,26.6791272089,3.58463428411,8.65934622359,0.0,1.0,0.0,0.0,0.0,0.0,0.0,0.0,1.0
407,2474.80796153,2475.60151069,2493.34709548,2494.06212144,0.0,0.0,0.0,0.793549163181,17.7455847908,0.715025957308,0.0,0.0,0.0,0.0,0.0,0.0,0.0,0.0,0.0
408,2474.91475442,2486.90214297,2496.22833157,2500.20222775,0.0,0.0,0.0,11.987388556,9.32618859584,3.97389618234,0.0,0.0,0.0,0.0,0.0,0.0,0.0,1.0,0.0
409,2484.00958242,2497.26916593,2510.48805306,2511.158026,0.0,0.0,0.0,13.259583519,13.2188871289,0.669972939411,0.0,0.0,0.0,0.0,0.0,0.0,0.0,0.0,1.0
410,2485.25868183,2487.45516346,2510.37942669,2517.87338561,0.0,0.0,0.0,2.19648162388,22.9242632302,7.49395892399,0.0,0.0,0.0,0.0,2.0,0.0,0.0,2.0,0.0
411,2485.80807936,2502.04716958,2502.04716958,2534.31964017,0.0,0.0,0.0,16.2390902251,0.0,32.2724705914,0.0,0.0,0.0,0.0,0.0,0.0,0.0,0.0,0.0
412,2488.2413281,2540.66822254,2554.60364953,2562.3210691,9.02783783253,0.0,0.0,43.399056605,13.9354269931,7.71741956815,0.0,0.0,0.0,0.0,0.0,0.0,0.0,0.0,1.0
413,2503.01122094,2520.81360523,2524.31425542,2532.02892951,0.0,0.0,0.0,17.8023842849,3.50065019512,7.71467408728,0.0,0.0,0.0,0.0,2.0,0.0,0.0,1.0,0.0
414,2503.22218175,2537.53851272,2563.75030168,2574.87850149,0.0,0.0,0.0,34.3163309705,26.2117889522,11.1281998098,0.0,0.0,0.0,0.0,3.0,0.0,0.0,1.0,0.0
415,2503.27989097,2506.53269271,2506.53269271,2545.53468669,0.0,0.0,27.7869474652,3.25280173846,0.0,11.2150465162,0.0,0.0,0.0,0.0,0.0,0.0,0.0,0.0,0.0
416,2503.70904186,2508.62483754,2508.62483754,2609.37802534,0.0,0.0,36.9098491531,4.91579567122,0.0,63.8433386554,0.0,0.0,0.0,0.0,1.0,0.0,0.0,0.0,0.0
417,2513.30337759,2515.97351661,2520.34153286,2526.17336452,0.0,0.0,2.39050071329,2.67013901689,4.36801625257,3.44133095259,0.0,0.0,0.0,0.0,0.0,0.0,0.0,0.0,1.0
418,2514.21222339,2524.85848728,2532.87680813,2542.73221242,0.0,0.0,0.0,10.6462638869,8.01832085955,9.85540428913,0.0,0.0,0.0,0.0,3.0,0.0,0.0,1.0,0.0
419,2518.22457501,2526.0731754,2538.10744698,2547.59805145,0.0,0.0,0.0,7.84860038938,12.0342715826,9.49060447001,0.0,0.0,0.0,0.0,2.0,0.0,0.0,2.0,0.0
420,2525.54672041,2545.17627644,2613.59807415,2613.78427231,0.0,18.5740252335,0.0,19.6295560326,49.8477724743,0.186198163228,0.0,0.0,0.0,0.0,5.0,0.0,0.0,1.0,0.0
421,2526.16648281,2527.36949673,2556.11920867,2622.67218841,0.0,0.0,65.7957626863,1.20301391452,28.7497119422,0.757217052683,0.0,0.0,0.0,0.0,1.0,0.0,0.0,0.0,0.0
422,2526.29629525,2541.03014721,2560.86471043,2578.86629552,0.0,0.0,0.0,14.7338519608,19.8345632168,18.0015850909,0.0,0.0,0.0,0.0,3.0,0.0,0.0,2.0,0.0
423,2537.06237273,2542.90952982,2556.11920867,2637.70113545,0.0,13.2096788515,66.552979739,5.84715709374,0.0,15.0289470366,0.0,0.0,0.0,0.0,2.0,0.0,0.0,0.0,0.0
424,2548.42109952,2549.89526553,2561.21698679,2565.19083276,0.0,4.70838399876,1.1040823074,1.47416601116,6.61333726075,2.86976365843,0.0,0.0,0.0,0.0,0.0,0.0,0.0,0.0,1.0
425,2568.10789896,2621.19150429,2621.19150429,2638.32517784,0.0,0.0,0.0,53.0836053291,0.0,17.1336735471,0.0,0.0,0.0,0.0,5.0,0.0,0.0,1.0,0.0
426,2572.33409022,2575.67203198,2582.62864921,2583.36087314,0.0,0.0,0.0,3.3379417652,6.95661722883,0.732223933553,0.0,0.0,0.0,0.0,0.0,0.0,0.0,0.0,1.0
427,2585.18549386,2594.42625256,2601.26384855,2662.90237071,0.0,0.0,48.7906345744,9.2407587034,6.83759599227,12.8478875852,0.0,0.0,0.0,0.0,4.0,0.0,0.0,0.0,0.0
428,2585.40960657,2592.62305327,2601.4837701,2602.95606074,0.0,0.0,0.0,7.21344670245,8.86071682593,1.47229064144,0.0,0.0,0.0,0.0,0.0,0.0,0.0,0.0,1.0
429,2590.03931544,2591.57710667,2591.57710667,2650.05448313,0.0,0.0,46.1240287756,1.53779122893,0.0,12.3533476788,0.0,0.0,0.0,0.0,3.0,0.0,0.0,0.0,0.0
430,2592.7193995,2619.66237774,2627.00009034,2631.89828697,0.0,0.0,0.0,26.9429782355,7.33771260334,4.89819662767,0.0,0.0,0.0,0.0,0.0,0.0,0.0,0.0,1.0
431,2592.94901936,2613.89776607,2655.4816835,2670.36618322,0.0,0.0,14.5553006555,20.9487467113,41.5839174266,0.329199069568,0.0,0.0,0.0,0.0,1.0,0.0,0.0,0.0,0.0
432,2600.1956297,2602.47301737,2605.66299536,2670.03698415,0.0,0.0,57.2393753468,2.27738766907,3.18997799131,7.13461344125,0.0,0.0,0.0,0.0,5.0,0.0,0.0,0.0,0.0
433,2616.99930132,2630.38381091,2647.49697786,2647.68562282,0.0,0.0,0.0,13.3845095855,17.1131669518,0.188644957446,0.0,0.0,0.0,0.0,2.0,0.0,0.0,1.0,0.0
434,2629.1119358,2638.03629313,2670.10455396,2672.62441371,0.0,17.4453903671,0.261629264253,8.92435732833,14.6228704608,2.25823048922,0.0,0.0,0.0,0.0,0.0,0.0,0.0,0.0,0.0
435,2631.04955186,2633.96382617,2667.7079017,2668.18663663,0.0,0.0,0.0,2.91427431398,33.7440755313,0.478734924948,0.0,0.0,0.0,0.0,1.0,0.0,0.0,2.0,0.0
436,2638.58377999,2649.43940239,2661.92552122,2688.75939313,0.0,0.0,0.0,10.8556224025,12.4861188339,26.8338719047,0.0,1.0,0.0,0.0,2.0,0.0,0.0,1.0,0.0
437,2640.71896633,2654.08413906,2674.63472456,2676.89034759,0.0,13.6237626393,0.0,13.3651727352,6.92682285524,2.25562303773,0.0,1.0,0.0,0.0,0.0,0.0,0.0,2.0,0.0
438,2643.67160909,2668.08799158,2676.1941784,2692.95178487,0.0,2.8192078115,9.38790200442,24.4163824969,5.2869790054,7.36970446608,0.0,0.0,0.0,0.0,0.0,0.0,0.0,0.0,1.0
439,2647.44897991,2665.6157921,2670.9071994,2685.58208041,0.0,0.0,0.0,18.1668121941,5.29140729465,14.6748810098,0.0,0.0,0.0,0.0,0.0,0.0,0.0,0.0,1.0
440,2647.69015861,2650.55688191,2676.70807078,2697.30613015,0.0,11.3686393138,12.0513223455,2.86672330125,14.7825495591,8.5467370206,0.0,1.0,0.0,0.0,0.0,0.0,0.0,1.0,0.0
441,2670.98202401,2676.26471351,2682.19185639,2707.32525528,0.0,0.0,10.7599284832,5.28268949714,5.92714288217,14.3734704066,0.0,0.0,0.0,0.0,1.0,0.0,0.0,0.0,1.0
442,2677.09093046,2714.74335323,2722.25887086,2736.85988115,0.0,2.59138298795,0.760423964794,37.6524227658,4.92413464179,13.8405863301,0.0,0.0,0.0,0.0,0.0,0.0,0.0,0.0,1.0
443,2677.10339964,2680.72940955,2684.93382983,2712.53032075,0.0,1.46244683668,22.3914254478,3.62600990979,2.74197344199,5.20506546783,0.0,0.0,0.0,0.0,2.0,0.0,0.0,0.0,1.0
444,2678.71575294,2708.70452876,2717.33473622,2723.01929482,2.01365661425,0.0,0.0,27.9751192043,8.6302074599,5.68455860659,0.0,1.0,0.0,0.0,0.0,0.0,0.0,0.0,1.0
445,2679.61537477,2679.70171693,2703.86936962,2715.56353475,0.0,0.0,0.0,0.0863421603391,24.1676526869,11.6941651368,0.0,0.0,0.0,0.0,0.0,0.0,0.0,0.0,0.0
446,2683.56859919,2692.5861434,2695.29869517,2706.16011975,0.0,0.0,2.00743497553,9.01754421757,2.71255176941,8.85398960286,0.0,0.0,0.0,0.0,0.0,0.0,0.0,1.0,0.0
447,2693.69140928,2721.51610165,2723.32818351,2756.38040907,15.0131194739,0.742769207016,13.5316976446,12.8115728947,1.0693126503,19.5205279133,0.0,0.0,0.0,0.0,0.0,0.0,0.0,0.0,1.0
448,2702.42948781,2718.68914086,2718.68914086,2728.1986189,0.0,0.0,0.0,16.259653057,0.0,9.50947803184,0.0,0.0,0.0,0.0,0.0,0.0,0.0,0.0,0.0
449,2703.37987205,2739.99543371,2754.14528677,2776.550173,11.3634811804,1.10704938836,19.0199871633,25.2520804844,13.0428036677,3.38489906353,1.0,1.0,0.0,0.0,3.0,0.0,0.0,0.0,1.0
450,2704.37274727,2724.93418108,2757.12178682,2757.9081133,0.0,0.0,0.0,20.5614338049,32.1876057432,0.786326479704,0.0,0.0,0.0,0.0,0.0,1.0,0.0,0.0,0.0
451,2718.54236379,2723.34869888,2732.39014888,2757.57912366,2.97373786356,0.0,23.9902601905,1.83259723419,9.04144999058,1.19871459571,0.0,1.0,0.0,0.0,1.0,0.0,0.0,0.0,1.0
452,2718.80901753,2727.14642104,2734.89459136,2768.22860196,4.53968135698,5.24372783823,22.6845323019,3.79772215235,2.50444248427,10.6494782983,1.0,0.0,0.0,0.0,2.0,0.0,0.0,0.0,1.0
453,2724.41912156,2724.95870624,2724.95870624,2765.89668746,0.0,0.0,0.0,0.539584679881,0.0,40.9379812165,0.0,0.0,0.0,0.0,0.0,0.0,0.0,1.0,0.0
454,2729.35217768,2733.48932529,2737.84727984,2770.1518018,0.0,0.0,28.0494076231,4.13714760688,4.35795455014,4.25511433421,0.0,0.0,0.0,0.0,0.0,0.0,0.0,1.0,0.0
455,2733.30275979,2734.57755467,2741.1024831,2773.16527393,0.0,0.317036691017,27.1261188592,1.27479487547,6.20789174098,4.93667197174,0.0,0.0,0.0,0.0,2.0,0.0,0.0,0.0,1.0
456,2742.98656283,2753.56795787,2777.87603151,2781.03089166,0.0,0.0,0.0,10.5813950488,24.3080736404,3.15486014545,0.0,0.0,0.0,0.0,0.0,0.0,0.0,1.0,0.0
457,2748.95329702,2760.87422575,2768.41267613,2795.38907011,0.0,0.0,8.13749686638,11.9209287304,7.53845037791,18.8388971173,0.0,0.0,0.0,0.0,1.0,0.0,0.0,0.0,1.0
458,2751.77935109,2763.19867056,2777.41215312,2786.73509608,0.0,0.0,0.0,11.4193194673,14.2134825617,9.32294296386,0.0,0.0,0.0,0.0,0.0,0.0,0.0,0.0,0.0
459,2763.9271453,2795.29258204,2807.93897538,2816.647594,0.0,0.0,0.0,31.3654367392,12.6463933386,8.70861861662,0.0,0.0,0.0,0.0,0.0,0.0,0.0,1.0,0.0
460,2766.32217577,2797.71217679,2797.71217679,2847.97708521,0.0,0.0,0.0,31.3900010242,0.0,50.2649084169,0.0,0.0,0.0,0.0,0.0,0.0,0.0,2.0,0.0
461,2773.80519781,2783.95616785,2804.54804321,2816.21742488,0.0,0.0,0.0,10.1509700388,20.5918753522,11.6693816724,0.0,0.0,0.0,0.0,0.0,0.0,0.0,0.0,0.0
462,2786.8754538,2790.45455398,2790.989063,2803.68788857,0.0,0.0,4.40000710787,3.57910017801,0.534509021896,8.29881845878,0.0,0.0,0.0,0.0,0.0,0.0,0.0,0.0,1.0
463,2795.73489318,2797.35047548,2806.6364247,2809.06953023,0.0,1.00010919723,0.0,1.61558229587,8.28584002557,2.43310552903,0.0,0.0,0.0,0.0,0.0,0.0,0.0,0.0,1.0
464,2795.91383468,2796.2667522,2798.35058468,2804.16579736,0.0,0.0,5.33730389371,0.352917526579,2.08383247362,0.477908784955,0.0,0.0,0.0,0.0,0.0,0.0,0.0,0.0,1.0
465,2798.83627292,2803.6579829,2844.36054644,2853.93621298,0.0,0.0,3.6165387671,4.82170998271,40.7025635397,5.95912776982,0.0,0.0,0.0,0.0,0.0,0.0,0.0,2.0,0.0
466,2808.11274906,2826.19781216,2833.77543791,2835.16914706,0.0,0.0,0.0,18.0850630911,7.57762575041,1.39370915522,0.0,0.0,0.0,0.0,0.0,0.0,0.0,0.0,1.0
467,2820.49498091,2873.99282938,2902.31722204,2928.39715802,0.0,7.70546575278,0.0,53.4978484747,20.6189269069,26.0799359819,0.0,0.0,0.0,0.0,0.0,0.0,0.0,0.0,0.0
468,2825.68395108,2841.79861665,2848.71041447,2852.65015232,0.0,0.0,0.0,16.1146655667,6.91179782319,3.93973785321,0.0,0.0,0.0,0.0,0.0,0.0,0.0,0.0,0.0
469,2844.80037169,2849.66317487,2859.77887231,2875.51140231,0.0,0.0,0.0,4.86280317512,10.1156974375,15.7325300069,0.0,0.0,0.0,0.0,0.0,0.0,0.0,0.0,1.0
470,2847.53712849,2862.45147256,2881.69829513,2898.4726822,0.0,0.0,0.0,14.9143440744,19.2468225715,16.7743870699,0.0,0.0,0.0,0.0,0.0,0.0,0.0,0.0,0.0
471,2854.1427956,2862.44166839,2863.0216558,2890.7948538,0.0,0.0,12.4897465134,8.2988727927,0.579987409069,15.2834514913,0.0,0.0,0.0,0.0,0.0,0.0,0.0,0.0,1.0
472,2857.59812814,2862.53935102,2899.78759313,2903.75752734,0.0,0.0,0.0,4.94122288533,37.2482421087,3.96993420364,0.0,0.0,0.0,0.0,0.0,0.0,0.0,1.0,0.0
473,2864.67870127,2866.09218657,2897.12604442,2901.13362766,0.0,0.0,0.0,1.4134852988,31.0338578478,4.0075832495,0.0,0.0,0.0,0.0,0.0,0.0,0.0,2.0,0.0
474,2870.96959037,2898.62317192,2902.75867163,2907.25478679,0.0,0.443688608163,0.0,27.6535815478,3.69181110584,4.49611515248,0.0,0.0,0.0,0.0,0.0,0.0,0.0,0.0,1.0
475,2877.26357107,2877.7629952,2916.98689211,2920.07007804,0.0,22.0245979361,0.0,0.499424124215,17.1992989772,3.08318593055,0.0,1.0,0.0,0.0,0.0,0.0,0.0,1.0,0.0
476,2883.67487,2887.99234167,2942.58679766,2946.50507886,0.0,14.3248803684,0.0,4.31747167319,40.2695756219,3.91828119668,0.0,0.0,1.0,0.0,0.0,0.0,0.0,0.0,0.0
477,2884.83062185,2894.42255654,2899.06686053,2900.73335755,0.0,0.0,0.0,9.59193468663,4.64430398897,1.66649702159,0.0,0.0,0.0,0.0,0.0,0.0,0.0,0.0,1.0
478,2885.4437847,2900.6369402,2915.67610856,2919.55526882,0.0,0.0,0.0,15.1931555022,15.0391683584,3.87916026079,0.0,0.0,1.0,0.0,0.0,0.0,0.0,2.0,0.0
479,2893.40126733,2902.90189792,2908.01631904,2914.28183469,1.02128920888,0.0,0.0,8.47934138608,5.11442111852,6.26551564704,0.0,0.0,0.0,0.0,0.0,0.0,0.0,0.0,1.0
480,2903.88679993,2919.93752316,2923.91071074,2934.15127792,0.0,0.0,0.0,16.0507232304,3.97318757483,10.2405671822,0.0,0.0,0.0,0.0,0.0,0.0,0.0,0.0,1.0
481,2919.57939553,2948.24219446,2961.96859428,2977.33023572,0.0,0.0,14.5516674159,28.662798922,13.7263998283,0.809974017287,0.0,0.0,0.0,0.0,0.0,0.0,0.0,2.0,0.0
482,2921.37776806,2922.25208878,2928.74528631,2940.60353233,0.0,1.65862195983,5.40599160722,0.874320721854,4.83457557499,6.45225440676,0.0,0.0,0.0,0.0,0.0,0.0,0.0,0.0,1.0
483,2923.37653746,2927.49158674,2943.47657962,2948.97742991,0.0,1.25369957066,0.0,4.11504928679,14.7312933098,5.50085028167,0.0,1.0,0.0,0.0,0.0,0.0,0.0,0.0,1.0
484,2927.9130267,2941.05827555,2948.40911785,2950.83307691,0.0,0.0,0.0,13.1452488461,7.35084230073,2.42395906081,0.0,0.0,0.0,0.0,0.0,0.0,0.0,1.0,0.0
485,2929.34741999,2940.76115972,2959.70223523,2962.27567054,0.0,6.09084444343,0.0,11.4137397287,12.8502310702,2.57343531008,0.0,0.0,0.0,0.0,0.0,0.0,0.0,0.0,1.0
486,2932.43870724,2943.75386426,2948.36457608,2949.43934906,0.0,0.0,0.0,11.3151570195,4.61071181868,1.07477298293,0.0,0.0,0.0,0.0,0.0,0.0,0.0,0.0,0.0
487,2932.98454912,2938.57378806,2946.85200416,2955.38059587,0.0,4.90279156141,2.12542574619,5.58923894315,3.37542453548,6.40316596477,0.0,0.0,0.0,0.0,0.0,0.0,0.0,0.0,1.0
488,2934.20387123,2978.28032008,2987.49236432,3010.78972505,4.36991683455,6.95978781244,0.0,39.7065320123,2.25225643666,23.2973607216,0.0,1.0,0.0,0.0,0.0,0.0,0.0,0.0,1.0
489,2936.58781671,2947.1105386,2947.1105386,2976.5202617,0.0,0.0,0.0,10.5227218891,0.0,29.4097231048,0.0,0.0,0.0,0.0,0.0,0.0,0.0,2.0,0.0
490,2944.66871975,2957.28316966,2966.92737647,2967.6221344,0.0,2.41906556529,0.0,12.6144499177,7.225141242,0.694757930996,0.0,1.0,0.0,0.0,0.0,0.0,0.0,0.0,1.0
491,2945.68629252,2978.20356881,2985.24010789,2987.35664166,11.5968771426,0.0,0.0,20.9203991458,7.03653907706,2.11653377178,0.0,1.0,0.0,0.0,0.0,0.0,0.0,0.0,1.0
492,2947.5715687,2962.10903449,2962.10903449,2970.15467498,0.0,0.0,0.0,14.5374657971,0.0,8.04564048595,0.0,0.0,0.0,0.0,0.0,0.0,1.0,1.0,0.0
493,2947.9895018,2999.25277601,3000.9225168,3011.50327827,30.2140670104,0.0,9.86720824715,21.0492071973,1.66974079085,0.713553228756,1.0,0.0,0.0,0.0,0.0,0.0,0.0,0.0,1.0
494,2948.7099823,2951.91471218,2955.69709187,2976.64643326,0.0,0.0,0.0,3.2047298846,3.78237969014,20.9493413891,0.0,0.0,0.0,0.0,0.0,0.0,0.0,0.0,0.0
495,2950.54576187,2959.18760286,2986.35990655,2986.95710164,0.0,0.0,0.0,8.64184098991,27.1723036874,0.59719509266,0.0,0.0,0.0,0.0,0.0,0.0,0.0,0.0,0.0
496,2955.00773881,2964.92092291,3017.79579506,3022.55087025,0.0,0.0,0.0,9.9131841059,52.8748721531,4.75507518794,0.0,0.0,0.0,0.0,0.0,0.0,0.0,1.0,0.0
497,2965.52753732,2973.38826315,3032.8993779,3034.44306843,0.0,0.0,0.0,7.86072583254,59.51111475,1.54369052793,0.0,0.0,0.0,0.0,0.0,0.0,0.0,2.0,0.0
498,3002.00441782,3021.61540368,3042.47668969,3076.26905717,0.0,0.0,0.0,19.6109858627,20.8612860054,33.7923674846,0.0,0.0,0.0,0.0,0.0,0.0,0.0,1.0,0.0
499,3002.29200198,3009.20926228,3014.35273732,3029.48094553,0.0,0.0,0.0,6.91726029732,5.14347504769,15.1282082047,0.0,0.0,0.0,0.0,0.0,0.0,0.0,0.0,1.0
500,3004.72904637,3014.59466379,3021.13163456,3051.01794311,0.0,0.0,8.34931096592,9.86561742025,6.53697077456,21.5369975841,0.0,0.0,0.0,0.0,0.0,0.0,0.0,0.0,1.0
501,3005.15976104,3019.94114189,3061.51660592,3063.32828934,0.0,0.0,0.0,14.7813808516,41.575464029,1.81168342626,0.0,0.0,0.0,0.0,0.0,0.0,0.0,0.0,0.0
502,3027.40566087,3031.40812626,3031.40812626,3075.97870772,0.0,0.0,19.6098168479,4.00246539153,0.0,24.9607646063,0.0,0.0,0.0,0.0,0.0,0.0,0.0,0.0,1.0
503,3037.46581285,3042.39450776,3055.86486805,3078.60078722,0.0,0.0,20.1138396704,4.92869491329,13.4703602878,2.62207950121,0.0,0.0,0.0,0.0,0.0,0.0,0.0,0.0,1.0
504,3041.13247064,3065.91607549,3073.57321921,3095.54532355,0.0,0.0,21.8373088588,24.7836048549,7.65714372023,0.134795480338,0.0,0.0,0.0,0.0,2.0,0.0,0.0,0.0,1.0
505,3051.8549657,3054.13855432,3064.33106927,3095.41052807,0.0,1.7263137277,14.2697179481,2.28358862025,8.46620122354,16.8097408531,0.0,0.0,0.0,0.0,1.0,0.0,0.0,0.0,1.0
506,3056.87533623,3074.59111093,3104.73265005,3127.30292604,0.0,0.0,0.0,17.7157747001,30.1415391173,22.5702759942,0.0,0.0,0.0,0.0,0.0,0.0,0.0,0.0,0.0
507,3056.9418978,3058.60813718,3087.12161415,3090.82551756,0.0,0.0,0.0,1.66623938307,28.5134769699,3.70390340957,0.0,0.0,0.0,0.0,0.0,0.0,0.0,1.0,0.0
508,3057.05577025,3061.38723042,3062.97179209,3081.41427997,0.0,0.0,0.0,4.3314601731,1.58456167071,18.4424878787,0.0,0.0,0.0,0.0,0.0,0.0,0.0,2.0,0.0
509,3058.60870175,3088.78891271,3088.78891271,3124.30411584,0.0,0.0,2.03660484483,30.180210967,0.0,33.478598283,0.0,0.0,0.0,0.0,0.0,0.0,0.0,1.0,0.0
510,3064.39455326,3073.02637322,3083.81216064,3096.14245807,0.0,0.546845996621,11.7331629187,8.6318199581,10.2389414205,0.597134513451,0.0,0.0,0.0,0.0,1.0,0.0,0.0,0.0,1.0
511,3070.4468478,3073.8532607,3101.49897615,3104.06465682,0.0,9.95889993909,0.0,3.40641289634,17.6868155198,2.56568066925,0.0,0.0,0.0,0.0,0.0,0.0,0.0,0.0,1.0
512,3076.46759312,3115.10617267,3121.28537622,3122.3851927,0.0,0.0,0.0,38.6385795501,6.17920355055,1.09981647707,0.0,1.0,0.0,0.0,0.0,0.0,0.0,0.0,1.0
513,3085.21483652,3107.08710673,3113.00207053,3114.21866546,0.0,0.0,0.0,21.8722702151,5.91496380085,1.2165949314,0.0,0.0,0.0,0.0,0.0,0.0,0.0,0.0,1.0
514,3089.62078253,3090.34007825,3120.66719771,3126.33550928,0.0,0.0,3.63691813566,0.719295722426,30.3271194578,2.03139343694,0.0,0.0,0.0,0.0,0.0,0.0,0.0,1.0,0.0
515,3125.36129457,3129.06629784,3167.78308027,3168.43505252,0.0,0.0,0.0,3.70500326767,38.7167824372,0.65197224416,0.0,0.0,0.0,0.0,0.0,1.0,0.0,0.0,0.0
516,3127.36619853,3128.4985802,3132.27726473,3146.55942972,0.0,0.0,0.0,1.13238167141,3.77868453151,14.2821649877,0.0,0.0,0.0,0.0,0.0,0.0,0.0,0.0,1.0
517,3128.27610056,3133.70427337,3133.70427337,3159.8239991,0.0,0.0,0.0,5.42817281588,0.0,26.119725727,0.0,0.0,0.0,0.0,0.0,0.0,0.0,1.0,0.0
518,3129.82393354,3147.41086629,3147.41086629,3189.3803693,0.0,0.0,12.413132806,17.5869327552,0.0,29.5563701974,0.0,0.0,0.0,0.0,0.0,0.0,0.0,1.0,0.0
519,3136.24464687,3144.61733207,3147.96026724,3164.39194134,0.0,0.122001844073,11.4423990292,8.37268520735,3.22093332617,4.98927506266,0.0,0.0,0.0,0.0,0.0,0.0,0.0,0.0,1.0
520,3137.86525642,3141.28171026,3144.73933392,3159.40266627,0.0,0.0,1.82009580113,3.41645383967,3.45762365387,12.8432365543,0.0,0.0,0.0,0.0,0.0,0.0,0.0,0.0,1.0
521,3154.53380864,3161.08223988,3161.08223988,3238.25010946,0.0,0.0,28.2981294181,6.54843124438,0.0,48.8697401645,0.0,0.0,0.0,0.0,0.0,0.0,0.0,1.0,0.0
522,3167.20397834,3187.18278107,3210.60296772,3212.14276966,0.0,0.0,0.0,19.9788027294,23.4201866584,1.53980193968,0.0,0.0,0.0,0.0,0.0,0.0,0.0,0.0,0.0
523,3172.73921244,3177.38935975,3191.02159123,3202.05554343,0.0,0.0,0.0,4.65014730191,13.6322314806,11.0339522,0.0,0.0,0.0,0.0,0.0,0.0,0.0,0.0,1.0
524,3177.20592036,3188.41456733,3208.48596174,3223.08800367,0.0,12.9106287071,0.0,11.2086469783,7.16076570252,14.6020419207,0.0,0.0,0.0,0.0,0.0,0.0,0.0,0.0,1.0
525,3178.27854601,3180.61462097,3201.32519604,3208.01622585,0.0,10.4069702585,0.73034738426,2.33607496132,10.3036048157,5.96068242009,0.0,0.0,0.0,0.0,0.0,0.0,0.0,0.0,1.0
526,3178.3179321,3199.72472407,3220.8518698,3235.20619201,2.29668886957,14.4355929286,4.49798557627,19.1101030983,6.691552802,9.85633663496,0.0,1.0,0.0,0.0,2.0,0.0,0.0,0.0,1.0
527,3178.74350607,3190.13602855,3212.73274703,3224.41514521,9.67106126944,18.3499331975,10.3552566381,1.72146121215,4.2467852826,1.32714154086,1.0,2.0,0.0,0.0,0.0,0.0,0.0,0.0,1.0
528,3191.10200062,3192.85450193,3214.16031699,3225.34985537,0.0,19.8782450988,10.2548282113,1.7525013037,1.4275699676,0.934710166915,0.0,2.0,0.0,0.0,1.0,0.0,0.0,0.0,1.0
529,3192.01960006,3208.88645062,3226.56941368,3238.74934559,0.834901863663,11.9654191735,8.63677833268,16.0319486948,5.71754387855,3.54315358559,0.0,3.0,0.0,0.0,0.0,0.0,0.0,0.0,1.0
530,3219.20353684,3221.68970678,3221.68970678,3227.06758212,0.0,0.0,0.0,2.48616994288,0.0,5.37787533817,0.0,0.0,0.0,0.0,0.0,0.0,0.0,0.0,0.0
531,3220.63675856,3236.93936418,3264.9904175,3267.28546347,0.0,0.0,0.0,16.302605615,28.0510533258,2.29504596434,0.0,0.0,0.0,0.0,0.0,0.0,0.0,1.0,0.0
532,3224.26216998,3245.37247959,3245.37247959,3269.92969876,0.0,0.0,0.0,21.1103096129,0.0,24.5572191705,0.0,0.0,0.0,0.0,0.0,0.0,0.0,2.0,0.0
533,3225.85170688,3231.90777012,3265.09252582,3266.72716641,0.0,0.0,0.0,6.05606324562,33.1847556958,1.63464059149,0.0,0.0,0.0,0.0,0.0,0.0,0.0,0.0,0.0
534,3234.12403927,3254.71293191,3267.05147199,3269.93472689,0.0,0.0,2.87822677,20.5888926374,12.338540083,0.0050281307783,0.0,0.0,0.0,0.0,0.0,0.0,0.0,2.0,0.0
535,3247.06133351,3250.21442722,3261.7782927,3263.45295125,0.0,0.0,0.0,3.15309371162,11.5638654807,1.67465854937,0.0,0.0,0.0,0.0,0.0,0.0,0.0,0.0,1.0
536,3258.57289861,3259.06079678,3269.05232314,3271.25661306,0.0,2.7174959136,0.0,0.4878981756,7.27403044363,2.20428991546,0.0,0.0,0.0,0.0,0.0,0.0,0.0,0.0,1.0
537,3266.43908079,3268.59101215,3290.70467894,3292.77098931,0.0,0.0,0.0,2.15193135556,22.1136667887,2.06631037204,0.0,0.0,0.0,0.0,0.0,0.0,0.0,0.0,0.0
538,3267.99353766,3269.87590929,3290.48268272,3291.39785742,0.0,0.0,0.0,1.88237163042,20.60677343,0.915174700787,0.0,0.0,0.0,0.0,0.0,0.0,0.0,1.0,0.0
539,3269.90450321,3281.47504054,3296.45632369,3306.30835642,0.0,0.0,0.0,11.5705373367,14.9812831438,9.85203273132,0.0,0.0,0.0,0.0,0.0,0.0,0.0,2.0,0.0
540,3269.9387612,3295.48552249,3330.14447266,3368.41193944,0.0,0.0,0.0,25.5467612897,34.6589501693,38.2674667837,0.0,0.0,0.0,0.0,0.0,0.0,0.0,0.0,0.0
541,3302.02159726,3310.53687487,3323.89310274,3327.05938524,0.0,0.0,0.0,8.51527761463,13.3562278655,3.16628250248,0.0,0.0,0.0,0.0,0.0,0.0,0.0,0.0,1.0
542,3309.4476136,3321.93585902,3342.24475847,3345.92959579,0.0,5.22088149559,0.0,12.4882454128,15.0880179571,3.68483732589,0.0,0.0,0.0,0.0,0.0,0.0,0.0,0.0,1.0
543,3312.70374743,3319.01515605,3327.15674051,3334.73703177,0.0,4.8779466835,0.0,6.31140862135,3.26363777609,7.58029125821,0.0,0.0,0.0,0.0,0.0,0.0,0.0,0.0,1.0
544,3312.96308236,3339.87603727,3339.87603727,3351.228373,0.0,0.0,0.0,26.9129549108,0.0,11.3523357286,0.0,0.0,0.0,0.0,0.0,0.0,0.0,1.0,0.0
545,3324.05873007,3347.4883711,3347.84391766,3376.15179348,0.0,0.0,3.3844553376,23.4296410291,0.355546561214,24.9234204784,0.0,0.0,0.0,0.0,0.0,0.0,0.0,1.0,0.0
546,3329.52603311,3352.15090702,3412.21643118,3414.90666047,0.0,0.0,0.0,22.6248739135,60.0655241583,2.69022929666,0.0,0.0,0.0,0.0,0.0,0.0,2.0,1.0,0.0
547,3334.8220795,3337.32427442,3353.11047337,3373.87403919,0.0,0.0,15.3014660782,2.50219491636,15.7861989481,5.4620997418,0.0,0.0,0.0,0.0,0.0,0.0,0.0,0.0,0.0
548,3345.86401896,3350.90332057,3350.90332057,3366.46835655,0.0,0.0,0.0,5.03930161487,0.0,15.5650359793,0.0,0.0,0.0,0.0,0.0,0.0,0.0,0.0,1.0
549,3348.71432363,3353.50632936,3367.95246801,3381.88716101,0.0,0.0,5.92157117927,4.7920057325,14.4461386495,8.01312182224,0.0,0.0,0.0,0.0,1.0,0.0,0.0,0.0,0.0
550,3351.08373344,3367.0180577,3378.0924056,3379.87906455,0.0,3.09362274354,0.0,15.9343242619,7.98072515456,1.78665894829,0.0,0.0,0.0,0.0,0.0,0.0,0.0,0.0,1.0
551,3351.84380113,3352.27087782,3356.32398455,3368.52185486,0.0,0.0,10.1443720011,0.427076691879,4.05310673014,2.05349830716,0.0,0.0,0.0,0.0,0.0,0.0,0.0,0.0,1.0
552,3353.16312748,3372.18071745,3372.18071745,3422.16916848,0.0,0.0,0.0,19.0175899668,0.0,49.9884510378,0.0,0.0,0.0,0.0,1.0,0.0,0.0,2.0,0.0
553,3359.3879483,3362.21644804,3370.11168044,3370.31878382,0.0,0.0,0.0,2.82849974118,7.89523240658,0.207103378986,0.0,0.0,0.0,0.0,0.0,0.0,0.0,0.0,1.0
554,3361.66177494,3379.63225518,3391.09299104,3430.40677288,0.0,0.0,31.0761774432,17.9704802371,11.4607358645,8.23760439977,0.0,0.0,0.0,0.0,0.0,0.0,0.0,2.0,0.0
555,3361.9019599,3380.8125493,3388.07433367,3395.75414083,0.314488132524,5.62679595526,0.0,18.5961012618,1.63498841216,7.67980716693,0.0,0.0,0.0,0.0,0.0,0.0,0.0,0.0,1.0
556,3364.66752623,3379.79629218,3386.43934525,3386.47308554,2.35053147024,0.0,0.0,12.7782344835,6.64305307051,0.0337402823636,0.0,1.0,0.0,0.0,0.0,0.0,0.0,0.0,1.0
557,3367.78699657,3370.70525464,3380.81213538,3387.98645305,0.0,0.0,1.07502562985,2.91825806527,10.1068807393,6.09929204117,0.0,0.0,0.0,0.0,0.0,0.0,0.0,0.0,0.0
558,3377.94395892,3382.52322837,3419.92915354,3426.52781401,0.0,0.0,0.0,4.57926945361,37.4059251708,6.59866047001,0.0,0.0,0.0,0.0,0.0,0.0,2.0,0.0,0.0
559,3387.37775393,3399.22396395,3402.83203443,3405.12742887,0.0,0.0,0.0,11.8462100129,3.60807048531,2.29539444153,0.0,0.0,0.0,0.0,0.0,0.0,0.0,0.0,1.0
560,3391.69366487,3392.2173856,3396.57614824,3398.03051157,0.0,0.0,0.0,0.52372073376,4.35876264368,1.45436332488,0.0,0.0,0.0,0.0,0.0,0.0,0.0,0.0,1.0
561,3391.86838009,3407.758833,3418.3183262,3425.81625149,0.349005509109,5.80686023274,0.0,15.5414473972,4.75263297244,7.49792528862,0.0,0.0,0.0,0.0,0.0,0.0,0.0,0.0,1.0
562,3400.37805077,3406.04508457,3406.04508457,3448.85390432,0.0,0.0,24.3616883086,5.66703380657,0.0,18.4471314416,0.0,0.0,0.0,0.0,0.0,0.0,1.0,2.0,0.0
563,3400.47293862,3404.19973553,3413.56569323,3414.66223303,0.0,0.0,0.0,3.72679690242,9.36595770326,1.09653980321,0.0,0.0,0.0,0.0,0.0,0.0,0.0,0.0,1.0
564,3409.74341444,3423.81371378,3460.54970887,3468.97221207,0.0,0.0,0.0,14.0702993444,36.7359950895,8.42250319417,0.0,0.0,0.0,0.0,0.0,0.0,0.0,0.0,0.0
565,3414.43457035,3416.63517138,3430.72149656,3443.43276451,0.0,8.96895121688,6.34697370432,2.20060102529,5.11737396157,6.36429424718,0.0,0.0,0.0,0.0,0.0,0.0,0.0,0.0,1.0
566,3414.725273,3416.19311618,3425.60412259,3437.06847026,0.0,2.12521002014,0.212128895483,1.46784318071,7.28579639313,11.2522187704,0.0,0.0,0.0,0.0,0.0,0.0,0.0,0.0,1.0
567,3419.29737005,3419.76909653,3436.81216364,3445.83110895,0.0,10.9524000298,6.62060086935,0.471726473781,6.09066708216,2.39834443854,0.0,1.0,0.0,0.0,1.0,0.0,0.0,0.0,1.0
568,3420.93789593,3487.58693302,3499.15205731,3512.60594122,0.0,0.0,0.0,66.6490370866,11.565124287,13.4538839128,0.0,2.0,0.0,0.0,0.0,0.0,0.0,0.0,1.0
569,3423.3370356,3431.08988372,3438.60503595,3446.92802818,0.0,5.7222799165,7.22607299996,7.75284812389,1.79287230793,1.09691923743,0.0,2.0,0.0,0.0,1.0,0.0,0.0,0.0,1.0
570,3424.37944506,3438.70151136,3452.26660415,3453.74278093,6.7104386611,0.0,0.0,7.61162764153,13.5650927899,1.47617677658,0.0,1.0,0.0,0.0,0.0,0.0,0.0,0.0,1.0
571,3424.77388112,3432.09454505,3451.32882662,3460.4314545,0.0,0.0,0.0,7.32066392671,19.2342815724,9.10262787396,0.0,0.0,0.0,0.0,0.0,0.0,0.0,1.0,0.0
572,3439.74160221,3455.78348762,3477.45687691,3502.89417971,0.0,0.0,0.0,16.041885405,21.6733892882,25.4373028073,0.0,0.0,0.0,0.0,0.0,0.0,0.0,1.0,0.0
573,3441.66125814,3448.84385451,3479.73111853,3486.33896434,0.0,0.0,0.0,7.18259637057,30.887264019,6.60784580125,0.0,0.0,0.0,0.0,0.0,1.0,0.0,2.0,0.0
574,3444.63754519,3494.02117612,3511.48785301,3514.47229985,0.0,0.0,0.0,49.3836309317,17.4666768901,2.98444684418,0.0,0.0,0.0,0.0,2.0,1.0,0.0,2.0,0.0
575,3447.94931907,3449.66710747,3464.95867086,3469.83328243,0.0,2.59949667936,0.0,1.71778840005,12.6920667092,4.87461156734,0.0,0.0,0.0,0.0,0.0,0.0,0.0,0.0,1.0
576,3462.69719296,3474.19229996,3496.00720553,3510.39314633,0.0,0.0,0.0,11.4951070001,21.8149055641,14.3859408014,0.0,0.0,0.0,0.0,0.0,2.0,0.0,0.0,0.0
577,3469.58188941,3486.0663459,3486.0663459,3563.01632605,0.0,0.0,37.2288901843,16.4844564894,0.0,39.7210899713,0.0,0.0,0.0,0.0,0.0,1.0,0.0,1.0,0.0
578,3474.52920943,3478.47557502,3478.47557502,3523.29523608,0.0,0.0,24.4186046916,3.94636559279,0.0,20.4010563655,0.0,0.0,0.0,0.0,0.0,0.0,0.0,1.0,0.0
579,3477.09228175,3507.21853342,3509.02712183,3587.5622607,0.0,1.80858840978,65.909011328,30.1262516762,0.0,12.6261275409,0.0,0.0,0.0,0.0,2.0,1.0,0.0,0.0,0.0
580,3478.94554804,3505.01351093,3508.57374377,3518.99216258,0.0,0.0,4.03219744773,26.0679628979,3.56023283876,6.38622135672,0.0,0.0,0.0,0.0,0.0,0.0,0.0,0.0,1.0
581,3482.48395143,3491.41234789,3529.23752155,3574.95967813,0.0,0.0,33.7788044963,8.92839646401,37.8251736607,11.9433520788,0.0,0.0,0.0,0.0,2.0,0.0,0.0,1.0,0.0
582,3493.10563774,3496.79235652,3496.79235652,3566.30096745,0.0,0.0,13.600789806,3.68671878316,0.0,55.9078211256,0.0,0.0,0.0,0.0,0.0,2.0,0.0,0.0,0.0
583,3493.7430019,3549.82868416,3590.61039699,3612.59416543,0.0,9.46710032954,21.7058200402,56.0856822562,31.3146124995,0.277948396881,0.0,0.0,0.0,0.0,1.0,0.0,0.0,0.0,0.0
584,3495.93349186,3497.04050554,3509.02712183,3574.93613316,0.0,0.0,57.2738456186,1.1070136775,11.9866162986,8.63516570938,0.0,0.0,0.0,0.0,1.0,1.0,0.0,0.0,0.0
585,3501.84901379,3508.79478363,3515.75007746,3526.01322149,0.0,0.0,3.24208511866,6.94576983994,6.95529382752,7.02105891379,0.0,0.0,0.0,0.0,0.0,0.0,0.0,0.0,1.0
586,3506.60577632,3516.03409155,3519.62302362,3530.60110989,0.0,0.0,6.39019786844,9.42831522737,3.5889320705,4.58788840157,0.0,0.0,0.0,0.0,0.0,0.0,0.0,0.0,1.0
587,3517.73255794,3521.67500043,3555.12805404,3557.32545866,0.0,0.0,0.0,3.94244248977,33.4530536145,2.19740461442,0.0,0.0,0.0,0.0,3.0,2.0,0.0,2.0,0.0
588,3519.03061063,3521.56348601,3544.87086289,3600.58186713,0.0,0.0,42.6913978165,2.53287537868,23.3073768752,13.0196064219,0.0,0.0,0.0,0.0,2.0,1.0,0.0,0.0,0.0
589,3519.36412266,3537.36534329,3546.47573357,3595.15458234,0.0,0.0,28.4839445616,18.0012206233,9.11039028217,20.194904209,0.0,0.0,0.0,0.0,3.0,1.0,0.0,1.0,0.0
590,3529.74973895,3541.33210322,3607.85351064,3608.24080351,0.0,5.14363034677,0.0,11.5823642664,61.3777770709,0.387292873442,0.0,0.0,0.0,0.0,2.0,0.0,0.0,1.0,0.0
591,3534.97909855,3539.13965224,3547.15595191,3556.00760995,0.0,0.0,0.0,4.16055369829,8.01629966563,8.85165803823,0.0,0.0,0.0,0.0,0.0,0.0,0.0,0.0,1.0
592,3537.31202459,3540.15662463,3559.29578449,3612.31621703,0.0,4.71423825635,41.2860826346,2.84460004319,14.4249216037,11.734349905,0.0,0.0,0.0,0.0,3.0,2.0,0.0,0.0,0.0
593,3550.35184722,3557.42004643,3559.03616978,3561.78227488,0.0,0.0,0.0,7.06819921421,1.61612334595,2.74610510329,0.0,0.0,0.0,0.0,0.0,0.0,0.0,0.0,1.0
594,3558.31262756,3561.93932749,3590.61982648,3596.0335596,0.0,0.0,0.0,3.6266999288,28.6804989924,5.41373311816,0.0,1.0,0.0,0.0,2.0,0.0,0.0,2.0,0.0
595,3563.52728376,3587.84656599,3600.3748531,3601.17030844,0.0,1.37726821774,0.0,24.319282235,11.151018887,0.795455341981,0.0,0.0,0.0,0.0,0.0,0.0,0.0,0.0,1.0
596,3570.79699047,3593.24248769,3593.24248769,3641.66578204,0.0,0.0,19.3516777419,22.4454972179,0.0,29.0716166143,0.0,0.0,0.0,0.0,2.0,0.0,0.0,0.0,0.0
597,3577.716389,3581.72993612,3589.22383421,3595.54712911,0.0,0.0,0.0,4.01354712187,7.4938980913,6.32329490244,0.0,0.0,0.0,0.0,0.0,0.0,0.0,0.0,1.0
598,3586.70468799,3598.33462843,3605.12813635,3606.33433575,0.0,2.04022466928,0.0,11.6299404386,4.75328324844,1.20619939997,0.0,0.0,0.0,0.0,0.0,0.0,0.0,0.0,1.0
599,3617.87338264,3644.6986815,3657.69113701,3668.41133025,0.0,0.0,0.0,26.8252988602,12.9924555031,10.7201932402,0.0,0.0,0.0,0.0,0.0,0.0,0.0,0.0,0.0
